route_id,vehicle_id,vehicle_type_id,arc_seq,from_node,to_node,depart_min,depart_time,arrival_min,arrival_time,service_start_min,service_start_time,leave_min,leave_time,travel_minutes,distance_km,waiting_minutes,late_minutes,remaining_weight_after_service,remaining_volume_after_service,energy_cost,carbon_cost,traffic_segments
S0001,T4_001,4,1,0,73,760.0,12:40:00,855.349109,14:15:21,855.349109,14:15:21,875.349109,14:35:21,95.349109,72.713429,0.0,0.0,0.0,0.0,54.548962,10.831628,"[{""start_min"": 760.0, ""end_min"": 780.0, ""speed_kmh"": 9.8, ""distance_km"": 3.266667, ""period_label"": ""C""}, {""start_min"": 780.0, ""end_min"": 855.349109, ""speed_kmh"": 55.3, ""distance_km"": 69.446763, ""period_label"": ""S""}]"
S0001,T4_001,4,2,73,0,875.349109,14:35:21,984.734788,16:24:44,984.734788,16:24:44,984.734788,16:24:44,109.385679,72.713429,0.0,0.0,0.0,0.0,40.234749,7.989296,"[{""start_min"": 875.349109, ""end_min"": 900.0, ""speed_kmh"": 55.3, ""distance_km"": 22.719904, ""period_label"": ""S""}, {""start_min"": 900.0, ""end_min"": 984.734788, ""speed_kmh"": 35.4, ""distance_km"": 49.993525, ""period_label"": ""N""}]"
S0002,T4_001,4,1,0,74,990.0,16:30:00,1101.586235,18:21:35,1101.586235,18:21:35,1121.586235,18:41:35,111.586235,65.835878,0.0,251.586235,0.0,0.0,48.897526,9.709439,"[{""start_min"": 990.0, ""end_min"": 1020.0, ""speed_kmh"": 35.4, ""distance_km"": 17.7, ""period_label"": ""N""}, {""start_min"": 1020.0, ""end_min"": 1101.586235, ""speed_kmh"": 35.4, ""distance_km"": 48.135878, ""period_label"": ""FALLBACK""}]"
S0002,T4_001,4,2,74,0,1121.586235,18:41:35,1233.172469,20:33:10,1233.172469,20:33:10,1233.172469,20:33:10,111.586235,65.835878,0.0,0.0,0.0,0.0,36.382312,7.224329,"[{""start_min"": 1121.586235, ""end_min"": 1233.172469, ""speed_kmh"": 35.4, ""distance_km"": 65.835878, ""period_label"": ""FALLBACK""}]"
S0003,T4_002,4,1,0,74,772.0,12:52:00,850.013611,14:10:01,850.013611,14:10:01,870.013611,14:30:01,78.013611,65.835878,0.0,0.013611,1467.3824,4.201716,49.107615,9.751155,"[{""start_min"": 772.0, ""end_min"": 780.0, ""speed_kmh"": 9.8, ""distance_km"": 1.306667, ""period_label"": ""C""}, {""start_min"": 780.0, ""end_min"": 850.013611, ""speed_kmh"": 55.3, ""distance_km"": 64.529212, ""period_label"": ""S""}]"
S0003,T4_002,4,2,74,62,870.013611,14:30:01,871.827107,14:31:50,1151.0,19:11:00,1171.0,19:31:00,1.813495,1.671438,279.172893,0.0,0.0,-0.0,1.08626,0.215695,"[{""start_min"": 870.013611, ""end_min"": 871.827107, ""speed_kmh"": 55.3, ""distance_km"": 1.671438, ""period_label"": ""S""}]"
S0003,T4_002,4,3,62,0,1171.0,19:31:00,1253.841284,20:53:50,1253.841284,20:53:50,1253.841284,20:53:50,82.841284,48.876357,0.0,0.0,0.0,-0.0,27.010119,5.36332,"[{""start_min"": 1171.0, ""end_min"": 1253.841284, ""speed_kmh"": 35.4, ""distance_km"": 48.876357, ""period_label"": ""FALLBACK""}]"
S0004,T4_001,4,1,0,62,1260.0,21:00:00,1342.841284,22:22:50,1342.841284,22:22:50,1362.841284,22:42:50,82.841284,48.876357,0.0,141.841284,0.0,0.0,36.258093,7.199663,"[{""start_min"": 1260.0, ""end_min"": 1342.841284, ""speed_kmh"": 35.4, ""distance_km"": 48.876357, ""period_label"": ""FALLBACK""}]"
S0004,T4_001,4,2,62,0,1362.841284,22:42:50,1445.682568,00:05:41,1445.682568,00:05:41,1445.682568,00:05:41,82.841284,48.876357,0.0,0.0,0.0,0.0,27.010119,5.36332,"[{""start_min"": 1362.841284, ""end_min"": 1445.682568, ""speed_kmh"": 35.4, ""distance_km"": 48.876357, ""period_label"": ""FALLBACK""}]"
S0005,T4_002,4,1,0,62,1260.0,21:00:00,1342.841284,22:22:50,1342.841284,22:22:50,1362.841284,22:42:50,82.841284,48.876357,0.0,141.841284,0.0,0.0,36.258093,7.199663,"[{""start_min"": 1260.0, ""end_min"": 1342.841284, ""speed_kmh"": 35.4, ""distance_km"": 48.876357, ""period_label"": ""FALLBACK""}]"
S0005,T4_002,4,2,62,0,1362.841284,22:42:50,1445.682568,00:05:41,1445.682568,00:05:41,1445.682568,00:05:41,82.841284,48.876357,0.0,0.0,0.0,0.0,27.010119,5.36332,"[{""start_min"": 1362.841284, ""end_min"": 1445.682568, ""speed_kmh"": 35.4, ""distance_km"": 48.876357, ""period_label"": ""FALLBACK""}]"
S0006,T4_003,4,1,0,62,1080.0,18:00:00,1162.841284,19:22:50,1162.841284,19:22:50,1182.841284,19:42:50,82.841284,48.876357,0.0,0.0,1226.82752,4.01744,35.500061,7.049143,"[{""start_min"": 1080.0, ""end_min"": 1162.841284, ""speed_kmh"": 35.4, ""distance_km"": 48.876357, ""period_label"": ""FALLBACK""}]"
S0006,T4_003,4,2,62,71,1182.841284,19:42:50,1197.115638,19:57:07,1197.115638,19:57:07,1217.115638,20:17:07,14.274354,8.421869,0.0,0.0,0.0,0.0,5.320246,1.056426,"[{""start_min"": 1182.841284, ""end_min"": 1197.115638, ""speed_kmh"": 35.4, ""distance_km"": 8.421869, ""period_label"": ""FALLBACK""}]"
S0006,T4_003,4,3,71,0,1217.115638,20:17:07,1343.727744,22:23:44,1343.727744,22:23:44,1343.727744,22:23:44,126.612106,74.701143,0.0,0.0,0.0,0.0,41.281447,8.197136,"[{""start_min"": 1217.115638, ""end_min"": 1343.727744, ""speed_kmh"": 35.4, ""distance_km"": 74.701143, ""period_label"": ""FALLBACK""}]"
S0007,T4_004,4,1,0,71,1030.0,17:10:00,1156.612106,19:16:37,1159.0,19:19:00,1179.0,19:39:00,126.612106,74.701143,2.387894,0.0,717.508665,1.874482,53.600002,10.643195,"[{""start_min"": 1030.0, ""end_min"": 1156.612106, ""speed_kmh"": 35.4, ""distance_km"": 74.701143, ""period_label"": ""FALLBACK""}]"
S0007,T4_004,4,2,71,55,1179.0,19:39:00,1196.388159,19:56:23,1196.388159,19:56:23,1216.388159,20:16:23,17.388159,10.259014,0.0,44.388159,0.0,-0.0,6.143928,1.219982,"[{""start_min"": 1179.0, ""end_min"": 1196.388159, ""speed_kmh"": 35.4, ""distance_km"": 10.259014, ""period_label"": ""FALLBACK""}]"
S0007,T4_004,4,3,55,0,1216.388159,20:16:23,1328.325965,22:08:20,1328.325965,22:08:20,1328.325965,22:08:20,111.937807,66.043306,0.0,0.0,0.0,-0.0,36.496941,7.247091,"[{""start_min"": 1216.388159, ""end_min"": 1328.325965, ""speed_kmh"": 35.4, ""distance_km"": 66.043306, ""period_label"": ""FALLBACK""}]"
S0008,T4_005,4,1,0,55,990.0,16:30:00,1101.937807,18:21:56,1101.937807,18:21:56,1121.937807,18:41:56,111.937807,66.043306,0.0,0.0,0.0,0.0,48.717481,9.673688,"[{""start_min"": 990.0, ""end_min"": 1020.0, ""speed_kmh"": 35.4, ""distance_km"": 17.7, ""period_label"": ""N""}, {""start_min"": 1020.0, ""end_min"": 1101.937807, ""speed_kmh"": 35.4, ""distance_km"": 48.343306, ""period_label"": ""FALLBACK""}]"
S0008,T4_005,4,2,55,0,1121.937807,18:41:56,1233.875614,20:33:53,1233.875614,20:33:53,1233.875614,20:33:53,111.937807,66.043306,0.0,0.0,0.0,0.0,36.496941,7.247091,"[{""start_min"": 1121.937807, ""end_min"": 1233.875614, ""speed_kmh"": 35.4, ""distance_km"": 66.043306, ""period_label"": ""FALLBACK""}]"
S0009,T4_005,4,1,0,55,1260.0,21:00:00,1371.937807,22:51:56,1371.937807,22:51:56,1391.937807,23:11:56,111.937807,66.043306,0.0,219.937807,0.0,0.0,48.717481,9.673688,"[{""start_min"": 1260.0, ""end_min"": 1371.937807, ""speed_kmh"": 35.4, ""distance_km"": 66.043306, ""period_label"": ""FALLBACK""}]"
S0009,T4_005,4,2,55,0,1391.937807,23:11:56,1503.875614,01:03:53,1503.875614,01:03:53,1503.875614,01:03:53,111.937807,66.043306,0.0,0.0,0.0,0.0,36.496941,7.247091,"[{""start_min"": 1391.937807, ""end_min"": 1503.875614, ""speed_kmh"": 35.4, ""distance_km"": 66.043306, ""period_label"": ""FALLBACK""}]"
S0010,T4_006,4,1,0,55,990.0,16:30:00,1101.937807,18:21:56,1101.937807,18:21:56,1121.937807,18:41:56,111.937807,66.043306,0.0,0.0,0.0,0.0,48.717481,9.673688,"[{""start_min"": 990.0, ""end_min"": 1020.0, ""speed_kmh"": 35.4, ""distance_km"": 17.7, ""period_label"": ""N""}, {""start_min"": 1020.0, ""end_min"": 1101.937807, ""speed_kmh"": 35.4, ""distance_km"": 48.343306, ""period_label"": ""FALLBACK""}]"
S0010,T4_006,4,2,55,0,1121.937807,18:41:56,1233.875614,20:33:53,1233.875614,20:33:53,1233.875614,20:33:53,111.937807,66.043306,0.0,0.0,0.0,0.0,36.496941,7.247091,"[{""start_min"": 1121.937807, ""end_min"": 1233.875614, ""speed_kmh"": 35.4, ""distance_km"": 66.043306, ""period_label"": ""FALLBACK""}]"
S0011,T4_006,4,1,0,55,1260.0,21:00:00,1371.937807,22:51:56,1371.937807,22:51:56,1391.937807,23:11:56,111.937807,66.043306,0.0,219.937807,0.0,0.0,48.717481,9.673688,"[{""start_min"": 1260.0, ""end_min"": 1371.937807, ""speed_kmh"": 35.4, ""distance_km"": 66.043306, ""period_label"": ""FALLBACK""}]"
S0011,T4_006,4,2,55,0,1391.937807,23:11:56,1503.875614,01:03:53,1503.875614,01:03:53,1503.875614,01:03:53,111.937807,66.043306,0.0,0.0,0.0,0.0,36.496941,7.247091,"[{""start_min"": 1391.937807, ""end_min"": 1503.875614, ""speed_kmh"": 35.4, ""distance_km"": 66.043306, ""period_label"": ""FALLBACK""}]"
S0012,T4_004,4,1,0,59,569.0,09:29:00,692.483325,11:32:29,692.483325,11:32:29,712.483325,11:52:29,123.483325,82.077276,0.0,0.0,0.0,0.0,61.018301,12.116226,"[{""start_min"": 569.0, ""end_min"": 600.0, ""speed_kmh"": 55.3, ""distance_km"": 28.571667, ""period_label"": ""S""}, {""start_min"": 600.0, ""end_min"": 690.0, ""speed_kmh"": 35.4, ""distance_km"": 53.1, ""period_label"": ""N""}, {""start_min"": 690.0, ""end_min"": 692.483325, ""speed_kmh"": 9.8, ""distance_km"": 0.40561, ""period_label"": ""C""}]"
S0012,T4_004,4,2,59,0,712.483325,11:52:29,857.088122,14:17:05,857.088122,14:17:05,857.088122,14:17:05,144.604797,82.077276,0.0,0.0,0.0,0.0,45.782113,9.09082,"[{""start_min"": 712.483325, ""end_min"": 780.0, ""speed_kmh"": 9.8, ""distance_km"": 11.027724, ""period_label"": ""C""}, {""start_min"": 780.0, ""end_min"": 857.088122, ""speed_kmh"": 55.3, ""distance_km"": 71.049553, ""period_label"": ""S""}]"
S0013,T4_003,4,1,0,59,569.0,09:29:00,692.483325,11:32:29,692.483325,11:32:29,712.483325,11:52:29,123.483325,82.077276,0.0,0.0,0.0,0.0,61.018301,12.116226,"[{""start_min"": 569.0, ""end_min"": 600.0, ""speed_kmh"": 55.3, ""distance_km"": 28.571667, ""period_label"": ""S""}, {""start_min"": 600.0, ""end_min"": 690.0, ""speed_kmh"": 35.4, ""distance_km"": 53.1, ""period_label"": ""N""}, {""start_min"": 690.0, ""end_min"": 692.483325, ""speed_kmh"": 9.8, ""distance_km"": 0.40561, ""period_label"": ""C""}]"
S0013,T4_003,4,2,59,0,712.483325,11:52:29,857.088122,14:17:05,857.088122,14:17:05,857.088122,14:17:05,144.604797,82.077276,0.0,0.0,0.0,0.0,45.782113,9.09082,"[{""start_min"": 712.483325, ""end_min"": 780.0, ""speed_kmh"": 9.8, ""distance_km"": 11.027724, ""period_label"": ""C""}, {""start_min"": 780.0, ""end_min"": 857.088122, ""speed_kmh"": 55.3, ""distance_km"": 71.049553, ""period_label"": ""S""}]"
S0014,T4_005,4,1,0,59,569.0,09:29:00,692.483325,11:32:29,692.483325,11:32:29,712.483325,11:52:29,123.483325,82.077276,0.0,0.0,0.0,0.0,61.018301,12.116226,"[{""start_min"": 569.0, ""end_min"": 600.0, ""speed_kmh"": 55.3, ""distance_km"": 28.571667, ""period_label"": ""S""}, {""start_min"": 600.0, ""end_min"": 690.0, ""speed_kmh"": 35.4, ""distance_km"": 53.1, ""period_label"": ""N""}, {""start_min"": 690.0, ""end_min"": 692.483325, ""speed_kmh"": 9.8, ""distance_km"": 0.40561, ""period_label"": ""C""}]"
S0014,T4_005,4,2,59,0,712.483325,11:52:29,857.088122,14:17:05,857.088122,14:17:05,857.088122,14:17:05,144.604797,82.077276,0.0,0.0,0.0,0.0,45.782113,9.09082,"[{""start_min"": 712.483325, ""end_min"": 780.0, ""speed_kmh"": 9.8, ""distance_km"": 11.027724, ""period_label"": ""C""}, {""start_min"": 780.0, ""end_min"": 857.088122, ""speed_kmh"": 55.3, ""distance_km"": 71.049553, ""period_label"": ""S""}]"
S0015,T4_007,4,1,0,84,834.0,13:54:00,973.621151,16:13:37,974.0,16:14:00,994.0,16:34:00,139.621151,104.266479,0.378849,0.0,100.6088,0.22653,69.253439,13.751453,"[{""start_min"": 834.0, ""end_min"": 900.0, ""speed_kmh"": 55.3, ""distance_km"": 60.83, ""period_label"": ""S""}, {""start_min"": 900.0, ""end_min"": 973.621151, ""speed_kmh"": 35.4, ""distance_km"": 43.436479, ""period_label"": ""N""}]"
S0015,T4_007,4,2,84,90,994.0,16:34:00,1010.848321,16:50:51,1010.848321,16:50:51,1030.848321,17:10:51,16.848321,9.940509,0.0,101.848321,-0.0,0.0,5.557817,1.103599,"[{""start_min"": 994.0, ""end_min"": 1010.848321, ""speed_kmh"": 35.4, ""distance_km"": 9.940509, ""period_label"": ""N""}]"
S0015,T4_007,4,3,90,0,1030.848321,17:10:51,1149.782518,19:09:47,1149.782518,19:09:47,1149.782518,19:09:47,118.934197,70.171176,0.0,0.0,-0.0,0.0,38.77809,7.700052,"[{""start_min"": 1030.848321, ""end_min"": 1149.782518, ""speed_kmh"": 35.4, ""distance_km"": 70.171176, ""period_label"": ""FALLBACK""}]"
S0016,T4_007,4,1,0,57,1170.0,19:30:00,1221.113206,20:21:07,1221.113206,20:21:07,1241.113206,20:41:07,51.113206,30.156791,0.0,262.113206,2168.811845,5.895324,22.309965,4.430024,"[{""start_min"": 1170.0, ""end_min"": 1221.113206, ""speed_kmh"": 35.4, ""distance_km"": 30.156791, ""period_label"": ""FALLBACK""}]"
S0016,T4_007,4,2,57,50,1241.113206,20:41:07,1384.240447,23:04:14,1384.240447,23:04:14,1404.240447,23:24:14,143.127241,84.445072,0.0,126.240447,0.0,0.0,58.473995,11.61101,"[{""start_min"": 1241.113206, ""end_min"": 1384.240447, ""speed_kmh"": 35.4, ""distance_km"": 84.445072, ""period_label"": ""FALLBACK""}]"
S0016,T4_007,4,3,50,0,1404.240447,23:24:14,1523.71713,01:23:43,1523.71713,01:23:43,1523.71713,01:23:43,119.476683,70.491243,0.0,0.0,0.0,0.0,38.954966,7.735174,"[{""start_min"": 1404.240447, ""end_min"": 1523.71713, ""speed_kmh"": 35.4, ""distance_km"": 70.491243, ""period_label"": ""FALLBACK""}]"
S0017,T4_004,4,1,0,50,1350.0,22:30:00,1469.476683,00:29:29,1469.476683,00:29:29,1489.476683,00:49:29,119.476683,70.491243,0.0,211.476683,0.0,0.0,52.097232,10.344795,"[{""start_min"": 1350.0, ""end_min"": 1469.476683, ""speed_kmh"": 35.4, ""distance_km"": 70.491243, ""period_label"": ""FALLBACK""}]"
S0017,T4_004,4,2,50,0,1489.476683,00:49:29,1608.953367,02:48:57,1608.953367,02:48:57,1608.953367,02:48:57,119.476683,70.491243,0.0,0.0,0.0,0.0,38.954966,7.735174,"[{""start_min"": 1489.476683, ""end_min"": 1608.953367, ""speed_kmh"": 35.4, ""distance_km"": 70.491243, ""period_label"": ""FALLBACK""}]"
S0018,T4_003,4,1,0,50,1350.0,22:30:00,1469.476683,00:29:29,1469.476683,00:29:29,1489.476683,00:49:29,119.476683,70.491243,0.0,211.476683,9.3722,0.07403,52.139826,10.353253,"[{""start_min"": 1350.0, ""end_min"": 1469.476683, ""speed_kmh"": 35.4, ""distance_km"": 70.491243, ""period_label"": ""FALLBACK""}]"
S0018,T4_003,4,2,50,19,1489.476683,00:49:29,1514.26561,01:14:16,1514.26561,01:14:16,1534.26561,01:34:16,24.788927,14.625467,0.0,286.26561,-0.0,-0.0,8.091183,1.606642,"[{""start_min"": 1489.476683, ""end_min"": 1514.26561, ""speed_kmh"": 35.4, ""distance_km"": 14.625467, ""period_label"": ""FALLBACK""}]"
S0018,T4_003,4,3,19,0,1534.26561,01:34:16,1746.566095,05:06:34,1746.566095,05:06:34,1746.566095,05:06:34,212.300485,125.257286,0.0,0.0,-0.0,-0.0,69.219851,13.744783,"[{""start_min"": 1534.26561, ""end_min"": 1746.566095, ""speed_kmh"": 35.4, ""distance_km"": 125.257286, ""period_label"": ""FALLBACK""}]"
S0019,T4_008,4,1,0,57,855.0,14:15:00,887.719846,14:47:43,887.719846,14:47:43,907.719846,15:07:43,32.719846,30.156791,0.0,0.0,2031.176833,7.438187,22.133226,4.39493,"[{""start_min"": 855.0, ""end_min"": 887.719846, ""speed_kmh"": 55.3, ""distance_km"": 30.156791, ""period_label"": ""S""}]"
S0019,T4_008,4,2,57,89,907.719846,15:07:43,1033.303346,17:13:18,1033.303346,17:13:18,1053.303346,17:33:18,125.5835,74.094265,0.0,0.303346,1984.928833,7.164887,50.64909,10.057242,"[{""start_min"": 907.719846, ""end_min"": 1020.0, ""speed_kmh"": 35.4, ""distance_km"": 66.245291, ""period_label"": ""N""}, {""start_min"": 1020.0, ""end_min"": 1033.303346, ""speed_kmh"": 35.4, ""distance_km"": 7.848974, ""period_label"": ""FALLBACK""}]"
S0019,T4_008,4,3,89,5,1053.303346,17:33:18,1111.257122,18:31:15,1168.0,19:28:00,1188.0,19:48:00,57.953775,34.192728,56.742878,0.0,1253.328333,4.852497,23.271388,4.620931,"[{""start_min"": 1053.303346, ""end_min"": 1111.257122, ""speed_kmh"": 35.4, ""distance_km"": 34.192728, ""period_label"": ""FALLBACK""}]"
S0019,T4_008,4,4,5,10,1188.0,19:48:00,1192.932541,19:52:56,1192.932541,19:52:56,1212.932541,20:12:56,4.932541,2.910199,0.0,0.0,0.0,0.0,1.843398,0.366038,"[{""start_min"": 1188.0, ""end_min"": 1192.932541, ""speed_kmh"": 35.4, ""distance_km"": 2.910199, ""period_label"": ""FALLBACK""}]"
S0019,T4_008,4,5,10,0,1212.932541,20:12:56,1296.21839,21:36:13,1296.21839,21:36:13,1296.21839,21:36:13,83.285848,49.138651,0.0,0.0,0.0,0.0,27.155068,5.392102,"[{""start_min"": 1212.932541, ""end_min"": 1296.21839, ""speed_kmh"": 35.4, ""distance_km"": 49.138651, ""period_label"": ""FALLBACK""}]"
S0020,T4_008,4,1,0,10,1320.0,22:00:00,1403.285848,23:23:17,1403.285848,23:23:17,1423.285848,23:43:17,83.285848,49.138651,0.0,174.285848,0.0,0.0,35.096385,6.968986,"[{""start_min"": 1320.0, ""end_min"": 1403.285848, ""speed_kmh"": 35.4, ""distance_km"": 49.138651, ""period_label"": ""FALLBACK""}]"
S0020,T4_008,4,2,10,0,1423.285848,23:43:17,1506.571697,01:06:34,1506.571697,01:06:34,1506.571697,01:06:34,83.285848,49.138651,0.0,0.0,0.0,0.0,27.155068,5.392102,"[{""start_min"": 1423.285848, ""end_min"": 1506.571697, ""speed_kmh"": 35.4, ""distance_km"": 49.138651, ""period_label"": ""FALLBACK""}]"
S0021,T4_006,4,1,0,3,790.0,13:10:00,865.334308,14:25:20,873.0,14:33:00,893.0,14:53:00,75.334308,69.43312,7.665692,0.0,1491.2144,3.9944,46.287772,9.191227,"[{""start_min"": 790.0, ""end_min"": 865.334308, ""speed_kmh"": 55.3, ""distance_km"": 69.43312, ""period_label"": ""S""}]"
S0021,T4_006,4,2,3,6,893.0,14:53:00,896.631892,14:56:38,896.631892,14:56:38,916.631892,15:16:38,3.631892,3.347394,0.0,117.631892,0.0,0.0,2.180619,0.432999,"[{""start_min"": 893.0, ""end_min"": 896.631892, ""speed_kmh"": 55.3, ""distance_km"": 3.347394, ""period_label"": ""S""}]"
S0021,T4_006,4,3,6,0,916.631892,15:16:38,985.510085,16:25:31,985.510085,16:25:31,985.510085,16:25:31,68.878194,40.638134,0.0,0.0,0.0,0.0,22.457501,4.45932,"[{""start_min"": 916.631892, ""end_min"": 985.510085, ""speed_kmh"": 35.4, ""distance_km"": 40.638134, ""period_label"": ""N""}]"
S0022,T4_008,4,1,0,6,626.0,10:26:00,707.62123,11:47:37,707.62123,11:47:37,727.62123,12:07:37,81.62123,40.638134,0.0,0.0,0.0,0.0,30.363974,6.029286,"[{""start_min"": 626.0, ""end_min"": 690.0, ""speed_kmh"": 35.4, ""distance_km"": 37.76, ""period_label"": ""N""}, {""start_min"": 690.0, ""end_min"": 707.62123, ""speed_kmh"": 9.8, ""distance_km"": 2.878134, ""period_label"": ""C""}]"
S0022,T4_008,4,2,6,0,727.62123,12:07:37,814.809694,13:34:49,814.809694,13:34:49,814.809694,13:34:49,87.188465,40.638134,0.0,0.0,0.0,0.0,22.734313,4.514286,"[{""start_min"": 727.62123, ""end_min"": 780.0, ""speed_kmh"": 9.8, ""distance_km"": 8.555199, ""period_label"": ""C""}, {""start_min"": 780.0, ""end_min"": 814.809694, ""speed_kmh"": 55.3, ""distance_km"": 32.082935, ""period_label"": ""S""}]"
S0023,T4_007,4,1,0,42,583.0,09:43:00,679.491271,11:19:29,679.491271,11:19:29,699.491271,11:39:29,96.491271,62.568183,0.0,0.0,0.0,0.0,46.020356,9.138127,"[{""start_min"": 583.0, ""end_min"": 600.0, ""speed_kmh"": 55.3, ""distance_km"": 15.668333, ""period_label"": ""S""}, {""start_min"": 600.0, ""end_min"": 679.491271, ""speed_kmh"": 35.4, ""distance_km"": 46.89985, ""period_label"": ""N""}]"
S0023,T4_007,4,2,42,0,699.491271,11:39:29,833.618543,13:53:37,833.618543,13:53:37,833.618543,13:53:37,134.127272,62.568183,0.0,0.0,0.0,0.0,35.002228,6.95029,"[{""start_min"": 699.491271, ""end_min"": 780.0, ""speed_kmh"": 9.8, ""distance_km"": 13.149759, ""period_label"": ""C""}, {""start_min"": 780.0, ""end_min"": 833.618543, ""speed_kmh"": 55.3, ""distance_km"": 49.418424, ""period_label"": ""S""}]"
S0024,T4_009,4,1,0,42,583.0,09:43:00,679.491271,11:19:29,679.491271,11:19:29,699.491271,11:39:29,96.491271,62.568183,0.0,0.0,0.0,0.0,46.020356,9.138127,"[{""start_min"": 583.0, ""end_min"": 600.0, ""speed_kmh"": 55.3, ""distance_km"": 15.668333, ""period_label"": ""S""}, {""start_min"": 600.0, ""end_min"": 679.491271, ""speed_kmh"": 35.4, ""distance_km"": 46.89985, ""period_label"": ""N""}]"
S0024,T4_009,4,2,42,0,699.491271,11:39:29,833.618543,13:53:37,833.618543,13:53:37,833.618543,13:53:37,134.127272,62.568183,0.0,0.0,0.0,0.0,35.002228,6.95029,"[{""start_min"": 699.491271, ""end_min"": 780.0, ""speed_kmh"": 9.8, ""distance_km"": 13.149759, ""period_label"": ""C""}, {""start_min"": 780.0, ""end_min"": 833.618543, ""speed_kmh"": 55.3, ""distance_km"": 49.418424, ""period_label"": ""S""}]"
S0025,T4_009,4,1,0,42,840.0,14:00:00,912.318955,15:12:19,912.318955,15:12:19,932.318955,15:32:19,72.318955,62.568183,0.0,231.318955,2241.139334,5.733521,46.635493,9.260273,"[{""start_min"": 840.0, ""end_min"": 900.0, ""speed_kmh"": 55.3, ""distance_km"": 55.3, ""period_label"": ""S""}, {""start_min"": 900.0, ""end_min"": 912.318955, ""speed_kmh"": 35.4, ""distance_km"": 7.268183, ""period_label"": ""N""}]"
S0025,T4_009,4,2,42,52,932.318955,15:32:19,934.869906,15:34:52,934.869906,15:34:52,954.869906,15:54:52,2.550952,1.505061,0.0,0.0,0.0,0.0,1.049198,0.208336,"[{""start_min"": 932.318955, ""end_min"": 934.869906, ""speed_kmh"": 35.4, ""distance_km"": 1.505061, ""period_label"": ""N""}]"
S0025,T4_009,4,3,52,0,954.869906,15:54:52,1105.866131,18:25:52,1105.866131,18:25:52,1105.866131,18:25:52,150.996225,89.087773,0.0,0.0,0.0,0.0,49.231806,9.775816,"[{""start_min"": 954.869906, ""end_min"": 1020.0, ""speed_kmh"": 35.4, ""distance_km"": 38.426755, ""period_label"": ""N""}, {""start_min"": 1020.0, ""end_min"": 1105.866131, ""speed_kmh"": 35.4, ""distance_km"": 50.661017, ""period_label"": ""FALLBACK""}]"
S0026,T4_009,4,1,0,52,1110.0,18:30:00,1260.996225,21:01:00,1260.996225,21:01:00,1280.996225,21:21:00,150.996225,89.087773,0.0,268.996225,0.0,0.0,66.39508,13.183877,"[{""start_min"": 1110.0, ""end_min"": 1260.996225, ""speed_kmh"": 35.4, ""distance_km"": 89.087773, ""period_label"": ""FALLBACK""}]"
S0026,T4_009,4,2,52,0,1280.996225,21:21:00,1431.992451,23:52:00,1431.992451,23:52:00,1431.992451,23:52:00,150.996225,89.087773,0.0,0.0,0.0,0.0,49.231806,9.775816,"[{""start_min"": 1280.996225, ""end_min"": 1431.992451, ""speed_kmh"": 35.4, ""distance_km"": 89.087773, ""period_label"": ""FALLBACK""}]"
S0027,T4_010,4,1,0,95,669.0,11:09:00,864.823936,14:24:49,865.0,14:25:00,885.0,14:45:00,195.823936,105.269394,0.176064,0.0,2713.893509,6.86631,78.037521,15.495682,"[{""start_min"": 669.0, ""end_min"": 690.0, ""speed_kmh"": 35.4, ""distance_km"": 12.39, ""period_label"": ""N""}, {""start_min"": 690.0, ""end_min"": 780.0, ""speed_kmh"": 9.8, ""distance_km"": 14.7, ""period_label"": ""C""}, {""start_min"": 780.0, ""end_min"": 864.823936, ""speed_kmh"": 55.3, ""distance_km"": 78.179394, ""period_label"": ""S""}]"
S0027,T4_010,4,2,95,33,885.0,14:45:00,911.848342,15:11:51,911.848342,15:11:51,931.848342,15:31:51,26.848342,20.815522,0.0,180.848342,2186.626909,5.48649,15.186689,3.015576,"[{""start_min"": 885.0, ""end_min"": 900.0, ""speed_kmh"": 55.3, ""distance_km"": 13.825, ""period_label"": ""S""}, {""start_min"": 900.0, ""end_min"": 911.848342, ""speed_kmh"": 35.4, ""distance_km"": 6.990522, ""period_label"": ""N""}]"
S0027,T4_010,4,3,33,52,931.848342,15:31:51,941.636931,15:41:38,941.636931,15:41:38,961.636931,16:01:38,9.78859,5.775268,0.0,0.0,692.53402,1.664142,4.005718,0.795404,"[{""start_min"": 931.848342, ""end_min"": 941.636931, ""speed_kmh"": 35.4, ""distance_km"": 5.775268, ""period_label"": ""N""}]"
S0027,T4_010,4,4,52,26,961.636931,16:01:38,985.661711,16:25:40,985.661711,16:25:40,1005.661711,16:45:40,24.02478,14.17462,0.0,0.0,646.72082,1.527942,8.466086,1.681086,"[{""start_min"": 961.636931, ""end_min"": 985.661711, ""speed_kmh"": 35.4, ""distance_km"": 14.17462, ""period_label"": ""N""}]"
S0027,T4_010,4,5,26,27,1005.661711,16:45:40,1011.530462,16:51:32,1071.0,17:51:00,1091.0,18:11:00,5.868751,3.462563,59.469538,0.0,0.0,0.0,2.05786,0.408623,"[{""start_min"": 1005.661711, ""end_min"": 1011.530462, ""speed_kmh"": 35.4, ""distance_km"": 3.462563, ""period_label"": ""N""}]"
S0027,T4_010,4,6,27,0,1091.0,18:11:00,1223.888128,20:23:53,1223.888128,20:23:53,1223.888128,20:23:53,132.888128,78.403996,0.0,0.0,0.0,0.0,43.327722,8.603459,"[{""start_min"": 1091.0, ""end_min"": 1223.888128, ""speed_kmh"": 35.4, ""distance_km"": 78.403996, ""period_label"": ""FALLBACK""}]"
S0028,T4_010,4,1,0,27,1230.0,20:30:00,1362.888128,22:42:53,1362.888128,22:42:53,1382.888128,23:02:53,132.888128,78.403996,0.0,215.888128,0.0,0.0,56.404161,11.200009,"[{""start_min"": 1230.0, ""end_min"": 1362.888128, ""speed_kmh"": 35.4, ""distance_km"": 78.403996, ""period_label"": ""FALLBACK""}]"
S0028,T4_010,4,2,27,0,1382.888128,23:02:53,1515.776257,01:15:47,1515.776257,01:15:47,1515.776257,01:15:47,132.888128,78.403996,0.0,0.0,0.0,0.0,43.327722,8.603459,"[{""start_min"": 1382.888128, ""end_min"": 1515.776257, ""speed_kmh"": 35.4, ""distance_km"": 78.403996, ""period_label"": ""FALLBACK""}]"
S0029,T1_001,1,1,0,93,580.0,09:40:00,760.375185,12:40:23,772.0,12:52:00,792.0,13:12:00,180.375185,83.027947,11.624815,0.0,2360.8081,5.97316,219.974305,47.855251,"[{""start_min"": 580.0, ""end_min"": 600.0, ""speed_kmh"": 55.3, ""distance_km"": 18.433333, ""period_label"": ""S""}, {""start_min"": 600.0, ""end_min"": 690.0, ""speed_kmh"": 35.4, ""distance_km"": 53.1, ""period_label"": ""N""}, {""start_min"": 690.0, ""end_min"": 760.375185, ""speed_kmh"": 9.8, ""distance_km"": 11.494614, ""period_label"": ""C""}]"
S0029,T1_001,1,2,93,35,792.0,13:12:00,797.636003,13:17:38,797.636003,13:17:38,817.636003,13:37:38,5.636003,5.194516,0.0,145.636003,668.2295,2.0888,13.134508,2.857403,"[{""start_min"": 792.0, ""end_min"": 797.636003, ""speed_kmh"": 55.3, ""distance_km"": 5.194516, ""period_label"": ""S""}]"
S0029,T1_001,1,3,35,61,817.636003,13:37:38,829.277323,13:49:17,829.277323,13:49:17,849.277323,14:09:17,11.64132,10.729416,0.0,6.277323,0.0,-0.0,22.472959,4.888976,"[{""start_min"": 817.636003, ""end_min"": 829.277323, ""speed_kmh"": 55.3, ""distance_km"": 10.729416, ""period_label"": ""S""}]"
S0029,T1_001,1,4,61,0,849.277323,14:09:17,917.244229,15:17:15,917.244229,15:17:15,917.244229,15:17:15,67.966907,56.923496,0.0,0.0,0.0,-0.0,109.914938,23.911915,"[{""start_min"": 849.277323, ""end_min"": 900.0, ""speed_kmh"": 55.3, ""distance_km"": 46.749401, ""period_label"": ""S""}, {""start_min"": 900.0, ""end_min"": 917.244229, ""speed_kmh"": 35.4, ""distance_km"": 10.174095, ""period_label"": ""N""}]"
S0030,T4_003,4,1,0,61,870.0,14:30:00,949.616095,15:49:37,949.616095,15:49:37,969.616095,16:09:37,79.616095,56.923496,0.0,126.616095,0.0,0.0,41.349376,8.210625,"[{""start_min"": 870.0, ""end_min"": 900.0, ""speed_kmh"": 55.3, ""distance_km"": 27.65, ""period_label"": ""S""}, {""start_min"": 900.0, ""end_min"": 949.616095, ""speed_kmh"": 35.4, ""distance_km"": 29.273496, ""period_label"": ""N""}]"
S0030,T4_003,4,2,61,0,969.616095,16:09:37,1066.096598,17:46:06,1066.096598,17:46:06,1066.096598,17:46:06,96.480502,56.923496,0.0,0.0,0.0,0.0,31.45714,6.246352,"[{""start_min"": 969.616095, ""end_min"": 1020.0, ""speed_kmh"": 35.4, ""distance_km"": 29.726504, ""period_label"": ""N""}, {""start_min"": 1020.0, ""end_min"": 1066.096598, ""speed_kmh"": 35.4, ""distance_km"": 27.196993, ""period_label"": ""FALLBACK""}]"
S0031,T1_001,1,1,0,61,930.0,15:30:00,1026.480502,17:06:29,1026.480502,17:06:29,1046.480502,17:26:29,96.480502,56.923496,0.0,203.480502,0.0,0.0,151.838623,33.032383,"[{""start_min"": 930.0, ""end_min"": 1020.0, ""speed_kmh"": 35.4, ""distance_km"": 53.1, ""period_label"": ""N""}, {""start_min"": 1020.0, ""end_min"": 1026.480502, ""speed_kmh"": 35.4, ""distance_km"": 3.823496, ""period_label"": ""FALLBACK""}]"
S0031,T1_001,1,2,61,0,1046.480502,17:26:29,1142.961004,19:02:58,1142.961004,19:02:58,1142.961004,19:02:58,96.480502,56.923496,0.0,0.0,0.0,0.0,111.943267,24.353177,"[{""start_min"": 1046.480502, ""end_min"": 1142.961004, ""speed_kmh"": 35.4, ""distance_km"": 56.923496, ""period_label"": ""FALLBACK""}]"
S0032,T1_002,1,1,0,91,916.0,15:16:00,1015.050555,16:55:03,1015.050555,16:55:03,1035.050555,17:15:03,99.050555,58.439828,0.0,0.0,2876.513527,7.562452,160.082378,34.825806,"[{""start_min"": 916.0, ""end_min"": 1015.050555, ""speed_kmh"": 35.4, ""distance_km"": 58.439828, ""period_label"": ""N""}]"
S0032,T1_002,1,2,91,54,1035.050555,17:15:03,1039.703085,17:19:42,1040.0,17:20:00,1060.0,17:40:00,4.65253,2.744993,0.296915,0.0,650.329843,1.660576,7.468575,1.624783,"[{""start_min"": 1035.050555, ""end_min"": 1039.703085, ""speed_kmh"": 35.4, ""distance_km"": 2.744993, ""period_label"": ""FALLBACK""}]"
S0032,T1_002,1,3,54,44,1060.0,17:40:00,1155.341501,19:15:20,1155.341501,19:15:20,1175.341501,19:35:20,95.341501,56.251486,0.0,46.341501,0.0,-0.0,120.213801,26.152425,"[{""start_min"": 1060.0, ""end_min"": 1155.341501, ""speed_kmh"": 35.4, ""distance_km"": 56.251486, ""period_label"": ""FALLBACK""}]"
S0032,T1_002,1,4,44,0,1175.341501,19:35:20,1253.924383,20:53:55,1253.924383,20:53:55,1253.924383,20:53:55,78.582882,46.3639,0.0,0.0,0.0,-0.0,91.177225,19.835539,"[{""start_min"": 1175.341501, ""end_min"": 1253.924383, ""speed_kmh"": 35.4, ""distance_km"": 46.3639, ""period_label"": ""FALLBACK""}]"
S0033,T1_001,1,1,0,54,1170.0,19:30:00,1332.890637,22:12:53,1332.890637,22:12:53,1352.890637,22:32:53,162.890637,96.105476,0.0,208.890637,0.0,0.0,263.795361,57.38849,"[{""start_min"": 1170.0, ""end_min"": 1332.890637, ""speed_kmh"": 35.4, ""distance_km"": 96.105476, ""period_label"": ""FALLBACK""}]"
S0033,T1_001,1,2,54,0,1352.890637,22:32:53,1515.781274,01:15:47,1515.781274,01:15:47,1515.781274,01:15:47,162.890637,96.105476,0.0,0.0,0.0,0.0,188.99684,41.116126,"[{""start_min"": 1352.890637, ""end_min"": 1515.781274, ""speed_kmh"": 35.4, ""distance_km"": 96.105476, ""period_label"": ""FALLBACK""}]"
S0034,T1_003,1,1,0,54,960.0,16:00:00,1122.890637,18:42:53,1122.890637,18:42:53,1142.890637,19:02:53,162.890637,96.105476,0.0,0.0,656.088933,1.69894,261.628895,56.917177,"[{""start_min"": 960.0, ""end_min"": 1020.0, ""speed_kmh"": 35.4, ""distance_km"": 35.4, ""period_label"": ""N""}, {""start_min"": 1020.0, ""end_min"": 1122.890637, ""speed_kmh"": 35.4, ""distance_km"": 60.705476, ""period_label"": ""FALLBACK""}]"
S0034,T1_003,1,2,54,77,1142.890637,19:02:53,1149.8659,19:09:52,1149.8659,19:09:52,1169.8659,19:29:52,6.975264,4.115405,0.0,0.0,0.0,0.0,8.801156,1.914685,"[{""start_min"": 1142.890637, ""end_min"": 1149.8659, ""speed_kmh"": 35.4, ""distance_km"": 4.115405, ""period_label"": ""FALLBACK""}]"
S0034,T1_003,1,3,77,0,1169.8659,19:29:52,1367.019958,22:47:01,1367.019958,22:47:01,1367.019958,22:47:01,197.154058,116.320894,0.0,0.0,0.0,0.0,228.7516,49.764745,"[{""start_min"": 1169.8659, ""end_min"": 1367.019958, ""speed_kmh"": 35.4, ""distance_km"": 116.320894, ""period_label"": ""FALLBACK""}]"
S0035,T1_004,1,1,0,77,939.0,15:39:00,1136.154058,18:56:09,1136.154058,18:56:09,1156.154058,19:16:09,197.154058,116.320894,0.0,0.0,1418.66275,4.091432,312.042822,67.88469,"[{""start_min"": 939.0, ""end_min"": 1020.0, ""speed_kmh"": 35.4, ""distance_km"": 47.79, ""period_label"": ""N""}, {""start_min"": 1020.0, ""end_min"": 1136.154058, ""speed_kmh"": 35.4, ""distance_km"": 68.530894, ""period_label"": ""FALLBACK""}]"
S0035,T1_004,1,2,77,70,1156.154058,19:16:09,1163.541864,19:23:33,1163.541864,19:23:33,1183.541864,19:43:33,7.387806,4.358806,0.0,408.541864,-0.0,0.0,10.193244,2.217533,"[{""start_min"": 1156.154058, ""end_min"": 1163.541864, ""speed_kmh"": 35.4, ""distance_km"": 4.358806, ""period_label"": ""FALLBACK""}]"
S0035,T1_004,1,3,70,0,1183.541864,19:43:33,1387.339497,23:07:20,1387.339497,23:07:20,1387.339497,23:07:20,203.797633,120.240603,0.0,0.0,-0.0,0.0,236.459929,51.441687,"[{""start_min"": 1183.541864, ""end_min"": 1387.339497, ""speed_kmh"": 35.4, ""distance_km"": 120.240603, ""period_label"": ""FALLBACK""}]"
S0036,T1_002,1,1,0,70,520.0,08:40:00,742.493489,12:22:30,742.493489,12:22:30,762.493489,12:42:30,222.493489,120.240603,0.0,0.0,0.0,0.0,327.135567,71.168106,"[{""start_min"": 520.0, ""end_min"": 540.0, ""speed_kmh"": 9.8, ""distance_km"": 3.266667, ""period_label"": ""C""}, {""start_min"": 540.0, ""end_min"": 600.0, ""speed_kmh"": 55.3, ""distance_km"": 55.3, ""period_label"": ""S""}, {""start_min"": 600.0, ""end_min"": 690.0, ""speed_kmh"": 35.4, ""distance_km"": 53.1, ""period_label"": ""N""}, {""start_min"": 690.0, ""end_min"": 742.493489, ""speed_kmh"": 9.8, ""distance_km"": 8.573937, ""period_label"": ""C""}]"
S0036,T1_002,1,2,70,0,762.493489,12:42:30,911.49357,15:11:30,911.49357,15:11:30,911.49357,15:11:30,149.000081,120.240603,0.0,0.0,0.0,0.0,232.454545,50.570318,"[{""start_min"": 762.493489, ""end_min"": 780.0, ""speed_kmh"": 9.8, ""distance_km"": 2.859397, ""period_label"": ""C""}, {""start_min"": 780.0, ""end_min"": 900.0, ""speed_kmh"": 55.3, ""distance_km"": 110.6, ""period_label"": ""S""}, {""start_min"": 900.0, ""end_min"": 911.49357, ""speed_kmh"": 35.4, ""distance_km"": 6.781206, ""period_label"": ""N""}]"
S0037,T1_005,1,1,0,70,532.0,08:52:00,754.493489,12:34:30,754.493489,12:34:30,774.493489,12:54:30,222.493489,120.240603,0.0,0.0,1341.630533,3.335723,324.697801,70.637772,"[{""start_min"": 532.0, ""end_min"": 540.0, ""speed_kmh"": 9.8, ""distance_km"": 1.306667, ""period_label"": ""C""}, {""start_min"": 540.0, ""end_min"": 600.0, ""speed_kmh"": 55.3, ""distance_km"": 55.3, ""period_label"": ""S""}, {""start_min"": 600.0, ""end_min"": 690.0, ""speed_kmh"": 35.4, ""distance_km"": 53.1, ""period_label"": ""N""}, {""start_min"": 690.0, ""end_min"": 754.493489, ""speed_kmh"": 9.8, ""distance_km"": 10.533937, ""period_label"": ""C""}]"
S0037,T1_005,1,2,70,39,774.493489,12:54:30,782.2569,13:02:15,848.0,14:08:00,868.0,14:28:00,7.763411,2.979506,65.7431,0.0,0.0,0.0,7.095261,1.543569,"[{""start_min"": 774.493489, ""end_min"": 780.0, ""speed_kmh"": 9.8, ""distance_km"": 0.899397, ""period_label"": ""C""}, {""start_min"": 780.0, ""end_min"": 782.2569, ""speed_kmh"": 55.3, ""distance_km"": 2.080109, ""period_label"": ""S""}]"
S0037,T1_005,1,3,39,0,868.0,14:28:00,1014.561608,16:54:34,1014.561608,16:54:34,1014.561608,16:54:34,146.561608,97.084682,0.0,0.0,0.0,0.0,189.642869,41.256669,"[{""start_min"": 868.0, ""end_min"": 900.0, ""speed_kmh"": 55.3, ""distance_km"": 29.493333, ""period_label"": ""S""}, {""start_min"": 900.0, ""end_min"": 1014.561608, ""speed_kmh"": 35.4, ""distance_km"": 67.591349, ""period_label"": ""N""}]"
S0038,T1_005,1,1,0,39,1020.0,17:00:00,1184.550309,19:44:33,1184.550309,19:44:33,1204.550309,20:04:33,164.550309,97.084682,0.0,284.550309,25.5,0.0646,259.877631,56.536191,"[{""start_min"": 1020.0, ""end_min"": 1184.550309, ""speed_kmh"": 35.4, ""distance_km"": 97.084682, ""period_label"": ""FALLBACK""}]"
S0038,T1_005,1,2,39,98,1204.550309,20:04:33,1220.334185,20:20:20,1220.334185,20:20:20,1240.334185,20:40:20,15.783876,9.312487,0.0,0.0,0.0,0.0,18.375797,3.997641,"[{""start_min"": 1204.550309, ""end_min"": 1220.334185, ""speed_kmh"": 35.4, ""distance_km"": 9.312487, ""period_label"": ""FALLBACK""}]"
S0038,T1_005,1,3,98,0,1240.334185,20:40:20,1422.266796,23:42:16,1422.266796,23:42:16,1422.266796,23:42:16,181.932611,107.34024,0.0,0.0,0.0,0.0,211.090638,45.922616,"[{""start_min"": 1240.334185, ""end_min"": 1422.266796, ""speed_kmh"": 35.4, ""distance_km"": 107.34024, ""period_label"": ""FALLBACK""}]"
S0039,T1_003,1,1,0,87,555.0,09:15:00,689.537257,11:29:32,689.537257,11:29:32,709.537257,11:49:32,134.537257,94.301982,0.0,0.0,2655.87176,8.709296,253.099109,55.061528,"[{""start_min"": 555.0, ""end_min"": 600.0, ""speed_kmh"": 55.3, ""distance_km"": 41.475, ""period_label"": ""S""}, {""start_min"": 600.0, ""end_min"": 689.537257, ""speed_kmh"": 35.4, ""distance_km"": 52.826982, ""period_label"": ""N""}]"
S0039,T1_003,1,2,87,46,709.537257,11:49:32,720.791536,12:00:47,720.791536,12:00:47,740.791536,12:20:47,11.254278,1.838199,0.0,0.0,0.0,0.0,5.585555,1.215133,"[{""start_min"": 709.537257, ""end_min"": 720.791536, ""speed_kmh"": 9.8, ""distance_km"": 1.838199, ""period_label"": ""C""}]"
S0039,T1_003,1,3,46,0,740.791536,12:20:47,843.791009,14:03:47,843.791009,14:03:47,843.791009,14:03:47,102.999473,65.198096,0.0,0.0,0.0,0.0,127.441418,27.724788,"[{""start_min"": 740.791536, ""end_min"": 780.0, ""speed_kmh"": 9.8, ""distance_km"": 6.404049, ""period_label"": ""C""}, {""start_min"": 780.0, ""end_min"": 843.791009, ""speed_kmh"": 55.3, ""distance_km"": 58.794046, ""period_label"": ""S""}]"
S0040,T1_006,1,1,0,46,580.0,09:40:00,679.262309,11:19:16,679.262309,11:19:16,699.262309,11:39:16,99.262309,65.198096,0.0,0.0,2324.7252,5.84934,178.190255,38.765161,"[{""start_min"": 580.0, ""end_min"": 600.0, ""speed_kmh"": 55.3, ""distance_km"": 18.433333, ""period_label"": ""S""}, {""start_min"": 600.0, ""end_min"": 679.262309, ""speed_kmh"": 35.4, ""distance_km"": 46.764762, ""period_label"": ""N""}]"
S0040,T1_006,1,2,46,32,699.262309,11:39:16,741.748395,12:21:45,788.0,13:08:00,808.0,13:28:00,42.486086,6.939394,46.251605,0.0,1882.391,4.7241,20.398517,4.437683,"[{""start_min"": 699.262309, ""end_min"": 741.748395, ""speed_kmh"": 9.8, ""distance_km"": 6.939394, ""period_label"": ""C""}]"
S0040,T1_006,1,3,32,78,808.0,13:28:00,838.838893,13:58:50,1194.0,19:54:00,1214.0,20:14:00,30.838893,28.42318,355.161107,0.0,0.0,0.0,68.382096,14.876476,"[{""start_min"": 808.0, ""end_min"": 838.838893, ""speed_kmh"": 55.3, ""distance_km"": 28.42318, ""period_label"": ""S""}]"
S0040,T1_006,1,4,78,0,1214.0,20:14:00,1336.932598,22:16:56,1336.932598,22:16:56,1336.932598,22:16:56,122.932598,72.530233,0.0,0.0,0.0,0.0,142.634794,31.030096,"[{""start_min"": 1214.0, ""end_min"": 1336.932598, ""speed_kmh"": 35.4, ""distance_km"": 72.530233, ""period_label"": ""FALLBACK""}]"
S0041,T1_004,1,1,0,97,670.0,11:10:00,819.572648,13:39:34,822.0,13:42:00,842.0,14:02:00,149.572648,62.972791,2.427352,0.0,1256.3017,4.066249,147.791586,32.151953,"[{""start_min"": 670.0, ""end_min"": 690.0, ""speed_kmh"": 35.4, ""distance_km"": 11.8, ""period_label"": ""N""}, {""start_min"": 690.0, ""end_min"": 780.0, ""speed_kmh"": 9.8, ""distance_km"": 14.7, ""period_label"": ""C""}, {""start_min"": 780.0, ""end_min"": 819.572648, ""speed_kmh"": 55.3, ""distance_km"": 36.472791, ""period_label"": ""S""}]"
S0041,T1_004,1,2,97,76,842.0,14:02:00,843.242889,14:03:15,843.242889,14:03:15,863.242889,14:23:15,1.242889,1.145529,0.0,218.242889,0.0,0.0,2.572071,0.559552,"[{""start_min"": 842.0, ""end_min"": 843.242889, ""speed_kmh"": 55.3, ""distance_km"": 1.145529, ""period_label"": ""S""}]"
S0041,T1_004,1,3,76,0,863.242889,14:23:15,906.350029,15:06:21,906.350029,15:06:21,906.350029,15:06:21,43.107141,37.624322,0.0,0.0,0.0,0.0,72.520485,15.776779,"[{""start_min"": 863.242889, ""end_min"": 900.0, ""speed_kmh"": 55.3, ""distance_km"": 33.877804, ""period_label"": ""S""}, {""start_min"": 900.0, ""end_min"": 906.350029, ""speed_kmh"": 35.4, ""distance_km"": 3.746517, ""period_label"": ""N""}]"
S0042,T1_007,1,1,0,85,563.0,09:23:00,600.702157,10:00:42,600.702157,10:00:42,620.702157,10:20:42,37.702157,34.51594,0.0,0.0,2315.13,7.36652,92.151169,20.04742,"[{""start_min"": 563.0, ""end_min"": 600.0, ""speed_kmh"": 55.3, ""distance_km"": 34.101667, ""period_label"": ""S""}, {""start_min"": 600.0, ""end_min"": 600.702157, ""speed_kmh"": 35.4, ""distance_km"": 0.414273, ""period_label"": ""N""}]"
S0042,T1_007,1,2,85,79,620.702157,10:20:42,638.520998,10:38:31,638.520998,10:38:31,658.520998,10:58:31,17.818841,10.513116,0.0,0.0,0.0,0.0,27.056565,5.886136,"[{""start_min"": 620.702157, ""end_min"": 638.520998, ""speed_kmh"": 35.4, ""distance_km"": 10.513116, ""period_label"": ""N""}]"
S0042,T1_007,1,3,79,0,658.520998,10:58:31,821.027514,13:41:02,821.027514,13:41:02,821.027514,13:41:02,162.506516,71.086303,0.0,0.0,0.0,0.0,142.232637,30.942607,"[{""start_min"": 658.520998, ""end_min"": 690.0, ""speed_kmh"": 35.4, ""distance_km"": 18.572611, ""period_label"": ""N""}, {""start_min"": 690.0, ""end_min"": 780.0, ""speed_kmh"": 9.8, ""distance_km"": 14.7, ""period_label"": ""C""}, {""start_min"": 780.0, ""end_min"": 821.027514, ""speed_kmh"": 55.3, ""distance_km"": 37.813692, ""period_label"": ""S""}]"
S0043,T1_007,1,1,0,31,949.0,15:49:00,1038.167034,17:18:10,1038.167034,17:18:10,1058.167034,17:38:10,89.167034,52.60855,0.0,0.0,0.0,0.0,140.821745,30.635669,"[{""start_min"": 949.0, ""end_min"": 1020.0, ""speed_kmh"": 35.4, ""distance_km"": 41.89, ""period_label"": ""N""}, {""start_min"": 1020.0, ""end_min"": 1038.167034, ""speed_kmh"": 35.4, ""distance_km"": 10.71855, ""period_label"": ""FALLBACK""}]"
S0043,T1_007,1,2,31,0,1058.167034,17:38:10,1147.334069,19:07:20,1147.334069,19:07:20,1147.334069,19:07:20,89.167034,52.60855,0.0,0.0,0.0,0.0,103.457682,22.507144,"[{""start_min"": 1058.167034, ""end_min"": 1147.334069, ""speed_kmh"": 35.4, ""distance_km"": 52.60855, ""period_label"": ""FALLBACK""}]"
S0044,T1_007,1,1,0,31,1170.0,19:30:00,1259.167034,20:59:10,1259.167034,20:59:10,1279.167034,21:19:10,89.167034,52.60855,0.0,193.167034,0.0,0.0,140.821745,30.635669,"[{""start_min"": 1170.0, ""end_min"": 1259.167034, ""speed_kmh"": 35.4, ""distance_km"": 52.60855, ""period_label"": ""FALLBACK""}]"
S0044,T1_007,1,2,31,0,1279.167034,21:19:10,1368.334069,22:48:20,1368.334069,22:48:20,1368.334069,22:48:20,89.167034,52.60855,0.0,0.0,0.0,0.0,103.457682,22.507144,"[{""start_min"": 1279.167034, ""end_min"": 1368.334069, ""speed_kmh"": 35.4, ""distance_km"": 52.60855, ""period_label"": ""FALLBACK""}]"
S0045,T1_008,1,1,0,44,942.0,15:42:00,1020.582882,17:00:35,1021.0,17:01:00,1041.0,17:21:00,78.582882,46.3639,0.417118,0.0,1718.37396,4.610154,119.973471,26.100142,"[{""start_min"": 942.0, ""end_min"": 1020.0, ""speed_kmh"": 35.4, ""distance_km"": 46.02, ""period_label"": ""N""}, {""start_min"": 1020.0, ""end_min"": 1020.582882, ""speed_kmh"": 35.4, ""distance_km"": 0.3439, ""period_label"": ""FALLBACK""}]"
S0045,T1_008,1,2,44,31,1041.0,17:21:00,1070.186899,17:50:11,1070.186899,17:50:11,1090.186899,18:10:11,29.186899,17.22027,0.0,4.186899,364.0498,1.5211,41.62358,9.05518,"[{""start_min"": 1041.0, ""end_min"": 1070.186899, ""speed_kmh"": 35.4, ""distance_km"": 17.22027, ""period_label"": ""FALLBACK""}]"
S0045,T1_008,1,3,31,34,1090.186899,18:10:11,1098.943067,18:18:57,1135.0,18:55:00,1155.0,19:15:00,8.756168,5.166139,36.056933,0.0,-0.0,-0.0,10.652646,2.317475,"[{""start_min"": 1090.186899, ""end_min"": 1098.943067, ""speed_kmh"": 35.4, ""distance_km"": 5.166139, ""period_label"": ""FALLBACK""}]"
S0045,T1_008,1,4,34,0,1155.0,19:15:00,1238.184617,20:38:11,1238.184617,20:38:11,1238.184617,20:38:11,83.184617,49.078924,0.0,0.0,-0.0,-0.0,96.516472,20.997089,"[{""start_min"": 1155.0, ""end_min"": 1238.184617, ""speed_kmh"": 35.4, ""distance_km"": 49.078924, ""period_label"": ""FALLBACK""}]"
S0046,T1_009,1,1,0,81,928.0,15:28:00,1024.257217,17:04:15,1024.257217,17:04:15,1044.257217,17:24:15,96.257217,56.791758,0.0,0.0,1493.082,4.67276,153.926052,33.486501,"[{""start_min"": 928.0, ""end_min"": 1020.0, ""speed_kmh"": 35.4, ""distance_km"": 54.28, ""period_label"": ""N""}, {""start_min"": 1020.0, ""end_min"": 1024.257217, ""speed_kmh"": 35.4, ""distance_km"": 2.511758, ""period_label"": ""FALLBACK""}]"
S0046,T1_009,1,2,81,82,1044.257217,17:24:15,1050.395931,17:30:24,1050.395931,17:30:24,1070.395931,17:50:24,6.138714,3.621841,0.0,268.395931,0.0,0.0,8.540496,1.857979,"[{""start_min"": 1044.257217, ""end_min"": 1050.395931, ""speed_kmh"": 35.4, ""distance_km"": 3.621841, ""period_label"": ""FALLBACK""}]"
S0046,T1_009,1,3,82,0,1070.395931,17:50:24,1171.342956,19:31:21,1171.342956,19:31:21,1171.342956,19:31:21,100.947026,59.558745,0.0,0.0,0.0,0.0,117.125632,25.480597,"[{""start_min"": 1070.395931, ""end_min"": 1171.342956, ""speed_kmh"": 35.4, ""distance_km"": 59.558745, ""period_label"": ""FALLBACK""}]"
S0047,T4_006,4,1,0,66,540.0,09:00:00,592.0477,09:52:03,592.0477,09:52:03,612.0477,10:12:03,52.0477,47.97063,0.0,0.0,85.2,0.1931,35.632547,7.075451,"[{""start_min"": 540.0, ""end_min"": 592.0477, ""speed_kmh"": 55.3, ""distance_km"": 47.97063, ""period_label"": ""S""}]"
S0047,T4_006,4,2,66,16,612.0477,10:12:03,623.961137,10:23:58,623.961137,10:23:58,643.961137,10:43:58,11.913437,7.028928,0.0,0.0,-0.0,-0.0,3.922946,0.778968,"[{""start_min"": 612.0477, ""end_min"": 623.961137, ""speed_kmh"": 35.4, ""distance_km"": 7.028928, ""period_label"": ""N""}]"
S0047,T4_006,4,3,16,0,643.961137,10:43:58,783.012149,13:03:01,783.012149,13:03:01,783.012149,13:03:01,139.051012,44.639126,0.0,0.0,-0.0,-0.0,25.024914,4.969124,"[{""start_min"": 643.961137, ""end_min"": 690.0, ""speed_kmh"": 35.4, ""distance_km"": 27.162929, ""period_label"": ""N""}, {""start_min"": 690.0, ""end_min"": 780.0, ""speed_kmh"": 9.8, ""distance_km"": 14.7, ""period_label"": ""C""}, {""start_min"": 780.0, ""end_min"": 783.012149, ""speed_kmh"": 55.3, ""distance_km"": 2.776197, ""period_label"": ""S""}]"
S0048,T1_009,1,1,0,43,1200.0,20:00:00,1265.404301,21:05:24,1265.404301,21:05:24,1285.404301,21:25:24,65.404301,38.588538,0.0,168.404301,0.0,0.0,105.151742,22.875686,"[{""start_min"": 1200.0, ""end_min"": 1265.404301, ""speed_kmh"": 35.4, ""distance_km"": 38.588538, ""period_label"": ""FALLBACK""}]"
S0048,T1_009,1,2,43,0,1285.404301,21:25:24,1350.808602,22:30:49,1350.808602,22:30:49,1350.808602,22:30:49,65.404301,38.588538,0.0,0.0,0.0,0.0,75.886536,16.509061,"[{""start_min"": 1285.404301, ""end_min"": 1350.808602, ""speed_kmh"": 35.4, ""distance_km"": 38.588538, ""period_label"": ""FALLBACK""}]"
S0049,T1_010,1,1,0,43,947.0,15:47:00,1012.404301,16:52:24,1013.0,16:53:00,1033.0,17:13:00,65.404301,38.588538,0.595699,0.0,724.9907,2.301671,105.171045,22.879885,"[{""start_min"": 947.0, ""end_min"": 1012.404301, ""speed_kmh"": 35.4, ""distance_km"": 38.588538, ""period_label"": ""N""}]"
S0049,T1_010,1,2,43,45,1033.0,17:13:00,1039.597003,17:19:36,1039.597003,17:19:36,1059.597003,17:39:36,6.597003,3.892232,0.0,43.597003,-0.0,0.0,8.394198,1.826152,"[{""start_min"": 1033.0, ""end_min"": 1039.597003, ""speed_kmh"": 35.4, ""distance_km"": 3.892232, ""period_label"": ""FALLBACK""}]"
S0049,T1_010,1,3,45,0,1059.597003,17:39:36,1131.38655,18:51:23,1131.38655,18:51:23,1131.38655,18:51:23,71.789547,42.355833,0.0,0.0,-0.0,0.0,83.295135,18.120796,"[{""start_min"": 1059.597003, ""end_min"": 1131.38655, ""speed_kmh"": 35.4, ""distance_km"": 42.355833, ""period_label"": ""FALLBACK""}]"
S0050,T4_004,4,1,0,45,877.0,14:37:00,935.860169,15:35:52,937.0,15:37:00,957.0,15:57:00,58.860169,42.355833,1.139831,0.0,0.0,0.0,31.390543,6.233128,"[{""start_min"": 877.0, ""end_min"": 900.0, ""speed_kmh"": 55.3, ""distance_km"": 21.198333, ""period_label"": ""S""}, {""start_min"": 900.0, ""end_min"": 935.860169, ""speed_kmh"": 35.4, ""distance_km"": 21.1575, ""period_label"": ""N""}]"
S0050,T4_004,4,2,45,0,957.0,15:57:00,1028.789547,17:08:47,1028.789547,17:08:47,1028.789547,17:08:47,71.789547,42.355833,0.0,0.0,0.0,0.0,23.406738,4.647807,"[{""start_min"": 957.0, ""end_min"": 1020.0, ""speed_kmh"": 35.4, ""distance_km"": 37.17, ""period_label"": ""N""}, {""start_min"": 1020.0, ""end_min"": 1028.789547, ""speed_kmh"": 35.4, ""distance_km"": 5.185833, ""period_label"": ""FALLBACK""}]"
S0051,T1_010,1,1,0,45,1137.0,18:57:00,1208.789547,20:08:47,1208.789547,20:08:47,1228.789547,20:28:47,71.789547,42.355833,0.0,212.789547,651.4623,1.59206,114.685566,24.949762,"[{""start_min"": 1137.0, ""end_min"": 1208.789547, ""speed_kmh"": 35.4, ""distance_km"": 42.355833, ""period_label"": ""FALLBACK""}]"
S0051,T1_010,1,2,45,28,1228.789547,20:28:47,1237.105558,20:37:06,1237.105558,20:37:06,1257.105558,20:57:06,8.316011,4.906447,0.0,2.105558,0.0,0.0,10.486915,2.281421,"[{""start_min"": 1228.789547, ""end_min"": 1237.105558, ""speed_kmh"": 35.4, ""distance_km"": 4.906447, ""period_label"": ""FALLBACK""}]"
S0051,T1_010,1,3,28,0,1257.105558,20:57:06,1361.007097,22:41:00,1361.007097,22:41:00,1361.007097,22:41:00,103.901538,61.301908,0.0,0.0,0.0,0.0,120.55366,26.226362,"[{""start_min"": 1257.105558, ""end_min"": 1361.007097, ""speed_kmh"": 35.4, ""distance_km"": 61.301908, ""period_label"": ""FALLBACK""}]"
S0052,T1_008,1,1,0,28,1260.0,21:00:00,1363.901538,22:43:54,1363.901538,22:43:54,1383.901538,23:03:54,103.901538,61.301908,0.0,128.901538,0.0,0.0,162.439614,35.338621,"[{""start_min"": 1260.0, ""end_min"": 1363.901538, ""speed_kmh"": 35.4, ""distance_km"": 61.301908, ""period_label"": ""FALLBACK""}]"
S0052,T1_008,1,2,28,0,1383.901538,23:03:54,1487.803077,00:47:48,1487.803077,00:47:48,1487.803077,00:47:48,103.901538,61.301908,0.0,0.0,0.0,0.0,120.55366,26.226362,"[{""start_min"": 1383.901538, ""end_min"": 1487.803077, ""speed_kmh"": 35.4, ""distance_km"": 61.301908, ""period_label"": ""FALLBACK""}]"
S0053,T1_002,1,1,0,67,1260.0,21:00:00,1346.362952,22:26:22,1346.362952,22:26:22,1366.362952,22:46:22,86.362952,50.954142,0.0,130.362952,0.0,0.0,138.623769,30.157501,"[{""start_min"": 1260.0, ""end_min"": 1346.362952, ""speed_kmh"": 35.4, ""distance_km"": 50.954142, ""period_label"": ""FALLBACK""}]"
S0053,T1_002,1,2,67,0,1366.362952,22:46:22,1452.725904,00:12:44,1452.725904,00:12:44,1452.725904,00:12:44,86.362952,50.954142,0.0,0.0,0.0,0.0,100.204194,21.79935,"[{""start_min"": 1366.362952, ""end_min"": 1452.725904, ""speed_kmh"": 35.4, ""distance_km"": 50.954142, ""period_label"": ""FALLBACK""}]"
S0054,T1_011,1,1,0,94,780.0,13:00:00,835.487951,13:55:29,835.487951,13:55:29,855.487951,14:15:29,55.487951,51.141395,0.0,0.0,2826.06436,7.091768,135.534478,29.485428,"[{""start_min"": 780.0, ""end_min"": 835.487951, ""speed_kmh"": 55.3, ""distance_km"": 51.141395, ""period_label"": ""S""}]"
S0054,T1_011,1,2,94,56,855.487951,14:15:29,870.368986,14:30:22,870.368986,14:30:22,890.368986,14:50:22,14.881035,13.715353,0.0,0.0,0.0,0.0,36.316004,7.90052,"[{""start_min"": 855.487951, ""end_min"": 870.368986, ""speed_kmh"": 55.3, ""distance_km"": 13.715353, ""period_label"": ""S""}]"
S0054,T1_011,1,3,56,0,890.368986,14:50:22,1021.314103,17:01:19,1021.314103,17:01:19,1021.314103,17:01:19,130.945118,80.451906,0.0,0.0,0.0,0.0,157.828081,34.335385,"[{""start_min"": 890.368986, ""end_min"": 900.0, ""speed_kmh"": 55.3, ""distance_km"": 8.876585, ""period_label"": ""S""}, {""start_min"": 900.0, ""end_min"": 1020.0, ""speed_kmh"": 35.4, ""distance_km"": 70.8, ""period_label"": ""N""}, {""start_min"": 1020.0, ""end_min"": 1021.314103, ""speed_kmh"": 35.4, ""distance_km"": 0.775321, ""period_label"": ""FALLBACK""}]"
S0055,T1_012,1,1,0,56,780.0,13:00:00,867.28959,14:27:17,867.28959,14:27:17,887.28959,14:47:17,87.28959,80.451906,0.0,0.0,734.405889,1.879392,213.598792,46.468263,"[{""start_min"": 780.0, ""end_min"": 867.28959, ""speed_kmh"": 55.3, ""distance_km"": 80.451906, ""period_label"": ""S""}]"
S0055,T1_012,1,2,56,57,887.28959,14:47:17,941.45453,15:41:27,941.45453,15:41:27,961.45453,16:01:27,54.164939,36.172933,0.0,0.0,0.0,0.0,77.543776,16.869593,"[{""start_min"": 887.28959, ""end_min"": 900.0, ""speed_kmh"": 55.3, ""distance_km"": 11.714761, ""period_label"": ""S""}, {""start_min"": 900.0, ""end_min"": 941.45453, ""speed_kmh"": 35.4, ""distance_km"": 24.458173, ""period_label"": ""N""}]"
S0055,T1_012,1,3,57,0,961.45453,16:01:27,1012.567736,16:52:34,1012.567736,16:52:34,1012.567736,16:52:34,51.113206,30.156791,0.0,0.0,0.0,0.0,59.305032,12.901767,"[{""start_min"": 961.45453, ""end_min"": 1012.567736, ""speed_kmh"": 35.4, ""distance_km"": 30.156791, ""period_label"": ""N""}]"
S0056,T1_013,1,1,0,56,780.0,13:00:00,867.28959,14:27:17,867.28959,14:27:17,887.28959,14:47:17,87.28959,80.451906,0.0,0.0,603.48812,1.571504,210.898,45.880708,"[{""start_min"": 780.0, ""end_min"": 867.28959, ""speed_kmh"": 55.3, ""distance_km"": 80.451906, ""period_label"": ""S""}]"
S0056,T1_013,1,2,56,75,887.28959,14:47:17,909.496672,15:09:30,909.496672,15:09:30,929.496672,15:29:30,22.207082,17.317797,0.0,0.0,0.0,0.0,36.247609,7.885641,"[{""start_min"": 887.28959, ""end_min"": 900.0, ""speed_kmh"": 55.3, ""distance_km"": 11.714761, ""period_label"": ""S""}, {""start_min"": 900.0, ""end_min"": 909.496672, ""speed_kmh"": 35.4, ""distance_km"": 5.603036, ""period_label"": ""N""}]"
S0056,T1_013,1,3,75,0,929.496672,15:29:30,1045.549456,17:25:33,1045.549456,17:25:33,1045.549456,17:25:33,116.052784,68.471143,0.0,0.0,0.0,0.0,134.652365,29.293525,"[{""start_min"": 929.496672, ""end_min"": 1020.0, ""speed_kmh"": 35.4, ""distance_km"": 53.396964, ""period_label"": ""N""}, {""start_min"": 1020.0, ""end_min"": 1045.549456, ""speed_kmh"": 35.4, ""distance_km"": 15.074179, ""period_label"": ""FALLBACK""}]"
S0057,T1_012,1,1,0,75,1020.0,17:00:00,1136.052784,18:56:03,1136.052784,18:56:03,1156.052784,19:16:03,116.052784,68.471143,0.0,191.052784,0.0,0.0,177.991619,38.721948,"[{""start_min"": 1020.0, ""end_min"": 1136.052784, ""speed_kmh"": 35.4, ""distance_km"": 68.471143, ""period_label"": ""FALLBACK""}]"
S0057,T1_012,1,2,75,0,1156.052784,19:16:03,1272.105568,21:12:06,1272.105568,21:12:06,1272.105568,21:12:06,116.052784,68.471143,0.0,0.0,0.0,0.0,134.652365,29.293525,"[{""start_min"": 1156.052784, ""end_min"": 1272.105568, ""speed_kmh"": 35.4, ""distance_km"": 68.471143, ""period_label"": ""FALLBACK""}]"
S0059,T1_011,1,1,0,44,1049.0,17:29:00,1127.582882,18:47:35,1127.582882,18:47:35,1147.582882,19:07:35,78.582882,46.3639,0.0,18.582882,0.0,0.0,122.80137,26.715349,"[{""start_min"": 1049.0, ""end_min"": 1127.582882, ""speed_kmh"": 35.4, ""distance_km"": 46.3639, ""period_label"": ""FALLBACK""}]"
S0059,T1_011,1,2,44,0,1147.582882,19:07:35,1226.165763,20:26:10,1226.165763,20:26:10,1226.165763,20:26:10,78.582882,46.3639,0.0,0.0,0.0,0.0,91.177225,19.835539,"[{""start_min"": 1147.582882, ""end_min"": 1226.165763, ""speed_kmh"": 35.4, ""distance_km"": 46.3639, ""period_label"": ""FALLBACK""}]"
S0060,T1_013,1,1,0,58,1050.0,17:30:00,1150.373053,19:10:22,1150.373053,19:10:22,1170.373053,19:30:22,100.373053,59.220101,0.0,227.373053,0.0,0.0,162.018134,35.246928,"[{""start_min"": 1050.0, ""end_min"": 1150.373053, ""speed_kmh"": 35.4, ""distance_km"": 59.220101, ""period_label"": ""FALLBACK""}]"
S0060,T1_013,1,2,58,0,1170.373053,19:30:22,1270.746106,21:10:45,1270.746106,21:10:45,1270.746106,21:10:45,100.373053,59.220101,0.0,0.0,0.0,0.0,116.45967,25.335717,"[{""start_min"": 1170.373053, ""end_min"": 1270.746106, ""speed_kmh"": 35.4, ""distance_km"": 59.220101, ""period_label"": ""FALLBACK""}]"
S0061,T1_010,1,1,0,64,789.0,13:09:00,841.593937,14:01:36,849.0,14:09:00,869.0,14:29:00,52.593937,48.474079,7.406063,0.0,0.0,0.0,129.890937,28.257679,"[{""start_min"": 789.0, ""end_min"": 841.593937, ""speed_kmh"": 55.3, ""distance_km"": 48.474079, ""period_label"": ""S""}]"
S0061,T1_010,1,2,64,0,869.0,14:29:00,933.732902,15:33:44,933.732902,15:33:44,933.732902,15:33:44,64.732902,48.474079,0.0,0.0,0.0,0.0,94.087364,20.468638,"[{""start_min"": 869.0, ""end_min"": 900.0, ""speed_kmh"": 55.3, ""distance_km"": 28.571667, ""period_label"": ""S""}, {""start_min"": 900.0, ""end_min"": 933.732902, ""speed_kmh"": 35.4, ""distance_km"": 19.902412, ""period_label"": ""N""}]"
S0062,T1_008,1,1,0,64,789.0,13:09:00,841.593937,14:01:36,849.0,14:09:00,869.0,14:29:00,52.593937,48.474079,7.406063,0.0,0.0,0.0,129.890937,28.257679,"[{""start_min"": 789.0, ""end_min"": 841.593937, ""speed_kmh"": 55.3, ""distance_km"": 48.474079, ""period_label"": ""S""}]"
S0062,T1_008,1,2,64,0,869.0,14:29:00,933.732902,15:33:44,933.732902,15:33:44,933.732902,15:33:44,64.732902,48.474079,0.0,0.0,0.0,0.0,94.087364,20.468638,"[{""start_min"": 869.0, ""end_min"": 900.0, ""speed_kmh"": 55.3, ""distance_km"": 28.571667, ""period_label"": ""S""}, {""start_min"": 900.0, ""end_min"": 933.732902, ""speed_kmh"": 35.4, ""distance_km"": 19.902412, ""period_label"": ""N""}]"
S0063,T1_014,1,1,0,64,800.0,13:20:00,852.593937,14:12:36,852.593937,14:12:36,872.593937,14:32:36,52.593937,48.474079,0.0,0.0,0.0,0.0,129.890937,28.257679,"[{""start_min"": 800.0, ""end_min"": 852.593937, ""speed_kmh"": 55.3, ""distance_km"": 48.474079, ""period_label"": ""S""}]"
S0063,T1_014,1,2,64,0,872.593937,14:32:36,939.34716,15:39:21,939.34716,15:39:21,939.34716,15:39:21,66.753223,48.474079,0.0,0.0,0.0,0.0,94.23108,20.499903,"[{""start_min"": 872.593937, ""end_min"": 900.0, ""speed_kmh"": 55.3, ""distance_km"": 25.259255, ""period_label"": ""S""}, {""start_min"": 900.0, ""end_min"": 939.34716, ""speed_kmh"": 35.4, ""distance_km"": 23.214824, ""period_label"": ""N""}]"
S0064,T1_015,1,1,0,37,561.0,09:21:00,642.139965,10:42:08,642.139965,10:42:08,662.139965,11:02:08,81.139965,60.807579,0.0,0.0,2389.60665,6.743904,164.515647,35.79026,"[{""start_min"": 561.0, ""end_min"": 600.0, ""speed_kmh"": 55.3, ""distance_km"": 35.945, ""period_label"": ""S""}, {""start_min"": 600.0, ""end_min"": 642.139965, ""speed_kmh"": 35.4, ""distance_km"": 24.862579, ""period_label"": ""N""}]"
S0064,T1_015,1,2,37,12,662.139965,11:02:08,810.936956,13:30:56,895.0,14:55:00,915.0,15:15:00,148.796991,59.650982,84.063044,0.0,662.76505,2.18158,158.428782,34.466067,"[{""start_min"": 662.139965, ""end_min"": 690.0, ""speed_kmh"": 35.4, ""distance_km"": 16.437421, ""period_label"": ""N""}, {""start_min"": 690.0, ""end_min"": 780.0, ""speed_kmh"": 9.8, ""distance_km"": 14.7, ""period_label"": ""C""}, {""start_min"": 780.0, ""end_min"": 810.936956, ""speed_kmh"": 55.3, ""distance_km"": 28.513561, ""period_label"": ""S""}]"
S0064,T1_015,1,3,12,11,915.0,15:15:00,917.700603,15:17:42,917.700603,15:17:42,937.700603,15:37:42,2.700603,1.593356,0.0,147.700603,0.0,0.0,3.410321,0.741913,"[{""start_min"": 915.0, ""end_min"": 917.700603, ""speed_kmh"": 35.4, ""distance_km"": 1.593356, ""period_label"": ""N""}]"
S0064,T1_015,1,4,11,0,937.700603,15:37:42,1034.96026,17:14:58,1034.96026,17:14:58,1034.96026,17:14:58,97.259657,57.383197,0.0,0.0,0.0,0.0,112.847295,24.549847,"[{""start_min"": 937.700603, ""end_min"": 1020.0, ""speed_kmh"": 35.4, ""distance_km"": 48.556644, ""period_label"": ""N""}, {""start_min"": 1020.0, ""end_min"": 1034.96026, ""speed_kmh"": 35.4, ""distance_km"": 8.826553, ""period_label"": ""FALLBACK""}]"
S0065,T1_009,1,1,0,11,594.0,09:54:00,687.886775,11:27:53,689.0,11:29:00,709.0,11:49:00,93.886775,57.383197,1.113225,0.0,2212.805462,6.755066,155.782085,33.89028,"[{""start_min"": 594.0, ""end_min"": 600.0, ""speed_kmh"": 55.3, ""distance_km"": 5.53, ""period_label"": ""S""}, {""start_min"": 600.0, ""end_min"": 687.886775, ""speed_kmh"": 35.4, ""distance_km"": 51.853197, ""period_label"": ""N""}]"
S0065,T1_009,1,2,11,8,709.0,11:49:00,752.35791,12:32:21,752.35791,12:32:21,772.35791,12:52:21,43.35791,7.081792,0.0,45.35791,0.0,0.0,20.579958,4.477155,"[{""start_min"": 709.0, ""end_min"": 752.35791, ""speed_kmh"": 9.8, ""distance_km"": 7.081792, ""period_label"": ""C""}]"
S0065,T1_009,1,3,8,0,772.35791,12:52:21,814.480188,13:34:29,814.480188,13:34:29,814.480188,13:34:29,42.122279,33.027448,0.0,0.0,0.0,0.0,63.917801,13.905271,"[{""start_min"": 772.35791, ""end_min"": 780.0, ""speed_kmh"": 9.8, ""distance_km"": 1.248208, ""period_label"": ""C""}, {""start_min"": 780.0, ""end_min"": 814.480188, ""speed_kmh"": 55.3, ""distance_km"": 31.77924, ""period_label"": ""S""}]"
S0066,T1_014,1,1,0,8,600.0,10:00:00,655.978726,10:55:59,655.978726,10:55:59,675.978726,11:15:59,55.978726,33.027448,0.0,0.0,0.0,0.0,90.501001,19.688427,"[{""start_min"": 600.0, ""end_min"": 655.978726, ""speed_kmh"": 35.4, ""distance_km"": 33.027448, ""period_label"": ""N""}]"
S0066,T1_014,1,2,8,0,675.978726,11:15:59,790.909472,13:10:55,790.909472,13:10:55,790.909472,13:10:55,114.930746,33.027448,0.0,0.0,0.0,0.0,68.59213,14.922168,"[{""start_min"": 675.978726, ""end_min"": 690.0, ""speed_kmh"": 35.4, ""distance_km"": 8.272552, ""period_label"": ""N""}, {""start_min"": 690.0, ""end_min"": 780.0, ""speed_kmh"": 9.8, ""distance_km"": 14.7, ""period_label"": ""C""}, {""start_min"": 780.0, ""end_min"": 790.909472, ""speed_kmh"": 55.3, ""distance_km"": 10.054897, ""period_label"": ""S""}]"
S0067,T1_010,1,1,0,8,589.0,09:49:00,638.79511,10:38:48,649.0,10:49:00,669.0,11:09:00,49.79511,33.027448,10.20489,0.0,0.0,0.0,89.888085,19.555088,"[{""start_min"": 589.0, ""end_min"": 600.0, ""speed_kmh"": 55.3, ""distance_km"": 10.138333, ""period_label"": ""S""}, {""start_min"": 600.0, ""end_min"": 638.79511, ""speed_kmh"": 35.4, ""distance_km"": 22.889115, ""period_label"": ""N""}]"
S0067,T1_010,1,2,8,0,669.0,11:09:00,786.442078,13:06:27,786.442078,13:06:27,786.442078,13:06:27,117.442078,33.027448,0.0,0.0,0.0,0.0,68.770775,14.961032,"[{""start_min"": 669.0, ""end_min"": 690.0, ""speed_kmh"": 35.4, ""distance_km"": 12.39, ""period_label"": ""N""}, {""start_min"": 690.0, ""end_min"": 780.0, ""speed_kmh"": 9.8, ""distance_km"": 14.7, ""period_label"": ""C""}, {""start_min"": 780.0, ""end_min"": 786.442078, ""speed_kmh"": 55.3, ""distance_km"": 5.937448, ""period_label"": ""S""}]"
S0068,T1_008,1,1,0,8,589.0,09:49:00,638.79511,10:38:48,649.0,10:49:00,669.0,11:09:00,49.79511,33.027448,10.20489,0.0,0.0,0.0,89.888085,19.555088,"[{""start_min"": 589.0, ""end_min"": 600.0, ""speed_kmh"": 55.3, ""distance_km"": 10.138333, ""period_label"": ""S""}, {""start_min"": 600.0, ""end_min"": 638.79511, ""speed_kmh"": 35.4, ""distance_km"": 22.889115, ""period_label"": ""N""}]"
S0068,T1_008,1,2,8,0,669.0,11:09:00,786.442078,13:06:27,786.442078,13:06:27,786.442078,13:06:27,117.442078,33.027448,0.0,0.0,0.0,0.0,68.770775,14.961032,"[{""start_min"": 669.0, ""end_min"": 690.0, ""speed_kmh"": 35.4, ""distance_km"": 12.39, ""period_label"": ""N""}, {""start_min"": 690.0, ""end_min"": 780.0, ""speed_kmh"": 9.8, ""distance_km"": 14.7, ""period_label"": ""C""}, {""start_min"": 780.0, ""end_min"": 786.442078, ""speed_kmh"": 55.3, ""distance_km"": 5.937448, ""period_label"": ""S""}]"
S0069,T1_016,1,1,0,8,605.0,10:05:00,660.978726,11:00:59,660.978726,11:00:59,680.978726,11:20:59,55.978726,33.027448,0.0,0.0,1910.812449,4.98804,87.885728,19.119477,"[{""start_min"": 605.0, ""end_min"": 660.978726, ""speed_kmh"": 35.4, ""distance_km"": 33.027448, ""period_label"": ""N""}]"
S0069,T1_016,1,2,8,9,680.978726,11:20:59,689.988178,11:29:59,689.988178,11:29:59,709.988178,11:49:59,9.009452,5.315577,0.0,0.0,0.0,0.0,13.116642,2.853516,"[{""start_min"": 680.978726, ""end_min"": 689.988178, ""speed_kmh"": 35.4, ""distance_km"": 5.315577, ""period_label"": ""N""}]"
S0069,T1_016,1,3,9,0,709.988178,11:49:59,811.458932,13:31:28,811.458932,13:31:28,811.458932,13:31:28,101.470754,40.429913,0.0,0.0,0.0,0.0,81.422054,17.713309,"[{""start_min"": 709.988178, ""end_min"": 780.0, ""speed_kmh"": 9.8, ""distance_km"": 11.435264, ""period_label"": ""C""}, {""start_min"": 780.0, ""end_min"": 811.458932, ""speed_kmh"": 55.3, ""distance_km"": 28.994649, ""period_label"": ""S""}]"
S0070,T1_016,1,1,0,9,840.0,14:00:00,883.86609,14:43:52,883.86609,14:43:52,903.86609,15:03:52,43.86609,40.429913,0.0,191.86609,1973.208067,4.920763,104.813309,22.80206,"[{""start_min"": 840.0, ""end_min"": 883.86609, ""speed_kmh"": 55.3, ""distance_km"": 40.429913, ""period_label"": ""S""}]"
S0070,T1_016,1,2,9,13,903.86609,15:03:52,913.298579,15:13:18,913.298579,15:13:18,933.298579,15:33:18,9.432489,5.565168,0.0,127.298579,1433.121267,3.641583,13.82358,3.00731,"[{""start_min"": 903.86609, ""end_min"": 913.298579, ""speed_kmh"": 35.4, ""distance_km"": 5.565168, ""period_label"": ""N""}]"
S0070,T1_016,1,3,13,48,933.298579,15:33:18,942.827729,15:42:50,966.0,16:06:00,986.0,16:26:00,9.52915,5.622198,23.172271,0.0,-0.0,-0.0,13.169053,2.864918,"[{""start_min"": 933.298579, ""end_min"": 942.827729, ""speed_kmh"": 35.4, ""distance_km"": 5.622198, ""period_label"": ""N""}]"
S0070,T1_016,1,4,48,0,986.0,16:26:00,1046.641817,17:26:39,1046.641817,17:26:39,1046.641817,17:26:39,60.641817,35.778672,0.0,0.0,-0.0,-0.0,70.360777,15.306936,"[{""start_min"": 986.0, ""end_min"": 1020.0, ""speed_kmh"": 35.4, ""distance_km"": 20.06, ""period_label"": ""N""}, {""start_min"": 1020.0, ""end_min"": 1046.641817, ""speed_kmh"": 35.4, ""distance_km"": 15.718672, ""period_label"": ""FALLBACK""}]"
S0071,T1_014,1,1,0,48,960.0,16:00:00,1020.641817,17:00:39,1020.641817,17:00:39,1040.641817,17:20:39,60.641817,35.778672,0.0,0.0,0.0,0.0,97.250251,21.156722,"[{""start_min"": 960.0, ""end_min"": 1020.0, ""speed_kmh"": 35.4, ""distance_km"": 35.4, ""period_label"": ""N""}, {""start_min"": 1020.0, ""end_min"": 1020.641817, ""speed_kmh"": 35.4, ""distance_km"": 0.378672, ""period_label"": ""FALLBACK""}]"
S0071,T1_014,1,2,48,0,1040.641817,17:20:39,1101.283635,18:21:17,1101.283635,18:21:17,1101.283635,18:21:17,60.641817,35.778672,0.0,0.0,0.0,0.0,70.360777,15.306936,"[{""start_min"": 1040.641817, ""end_min"": 1101.283635, ""speed_kmh"": 35.4, ""distance_km"": 35.778672, ""period_label"": ""FALLBACK""}]"
S0072,T1_015,1,1,0,48,1048.0,17:28:00,1108.641817,18:28:39,1108.641817,18:28:39,1128.641817,18:48:39,60.641817,35.778672,0.0,60.641817,0.0,0.0,97.250251,21.156722,"[{""start_min"": 1048.0, ""end_min"": 1108.641817, ""speed_kmh"": 35.4, ""distance_km"": 35.778672, ""period_label"": ""FALLBACK""}]"
S0072,T1_015,1,2,48,0,1128.641817,18:48:39,1189.283635,19:49:17,1189.283635,19:49:17,1189.283635,19:49:17,60.641817,35.778672,0.0,0.0,0.0,0.0,70.360777,15.306936,"[{""start_min"": 1128.641817, ""end_min"": 1189.283635, ""speed_kmh"": 35.4, ""distance_km"": 35.778672, ""period_label"": ""FALLBACK""}]"
S0073,T1_016,1,1,0,48,1048.0,17:28:00,1108.641817,18:28:39,1108.641817,18:28:39,1128.641817,18:48:39,60.641817,35.778672,0.0,60.641817,1264.06755,2.669195,95.664284,20.811696,"[{""start_min"": 1048.0, ""end_min"": 1108.641817, ""speed_kmh"": 35.4, ""distance_km"": 35.778672, ""period_label"": ""FALLBACK""}]"
S0073,T1_016,1,2,48,25,1128.641817,18:48:39,1137.631364,18:57:38,1137.631364,18:57:38,1157.631364,19:17:38,8.989547,5.303833,0.0,88.631364,0.0,0.0,12.188231,2.651541,"[{""start_min"": 1128.641817, ""end_min"": 1137.631364, ""speed_kmh"": 35.4, ""distance_km"": 5.303833, ""period_label"": ""FALLBACK""}]"
S0073,T1_016,1,3,25,0,1157.631364,19:17:38,1214.819763,20:14:49,1214.819763,20:14:49,1214.819763,20:14:49,57.188399,33.741155,0.0,0.0,0.0,0.0,66.353886,14.43524,"[{""start_min"": 1157.631364, ""end_min"": 1214.819763, ""speed_kmh"": 35.4, ""distance_km"": 33.741155, ""period_label"": ""FALLBACK""}]"
S0074,T1_014,1,1,0,25,1110.0,18:30:00,1167.188399,19:27:11,1167.188399,19:27:11,1187.188399,19:47:11,57.188399,33.741155,0.0,118.188399,1524.5125,3.82045,91.024968,19.802416,"[{""start_min"": 1110.0, ""end_min"": 1167.188399, ""speed_kmh"": 35.4, ""distance_km"": 33.741155, ""period_label"": ""FALLBACK""}]"
S0074,T1_014,1,2,25,92,1187.188399,19:47:11,1210.12041,20:10:07,1210.12041,20:10:07,1230.12041,20:30:07,22.932011,13.529886,0.0,243.12041,-0.0,0.0,32.015704,6.964993,"[{""start_min"": 1187.188399, ""end_min"": 1210.12041, ""speed_kmh"": 35.4, ""distance_km"": 13.529886, ""period_label"": ""FALLBACK""}]"
S0074,T1_014,1,3,92,0,1230.12041,20:30:07,1259.753861,20:59:45,1259.753861,20:59:45,1259.753861,20:59:45,29.633451,17.483736,0.0,0.0,-0.0,0.0,34.382754,7.479943,"[{""start_min"": 1230.12041, ""end_min"": 1259.753861, ""speed_kmh"": 35.4, ""distance_km"": 17.483736, ""period_label"": ""FALLBACK""}]"
S0075,T1_015,1,1,0,47,1195.0,19:55:00,1223.017464,20:23:01,1223.017464,20:23:01,1243.017464,20:43:01,28.017464,16.530304,0.0,28.017464,0.0,0.0,44.607233,9.704271,"[{""start_min"": 1195.0, ""end_min"": 1223.017464, ""speed_kmh"": 35.4, ""distance_km"": 16.530304, ""period_label"": ""FALLBACK""}]"
S0075,T1_015,1,2,47,0,1243.017464,20:43:01,1271.034928,21:11:02,1271.034928,21:11:02,1271.034928,21:11:02,28.017464,16.530304,0.0,0.0,0.0,0.0,32.507775,7.072043,"[{""start_min"": 1243.017464, ""end_min"": 1271.034928, ""speed_kmh"": 35.4, ""distance_km"": 16.530304, ""period_label"": ""FALLBACK""}]"
S0076,T4_001,4,1,0,88,587.0,09:47:00,605.43785,10:05:26,605.43785,10:05:26,625.43785,10:25:26,18.43785,15.189998,0.0,0.0,2830.465486,7.433597,11.280814,2.239998,"[{""start_min"": 587.0, ""end_min"": 600.0, ""speed_kmh"": 55.3, ""distance_km"": 11.981667, ""period_label"": ""S""}, {""start_min"": 600.0, ""end_min"": 605.43785, ""speed_kmh"": 35.4, ""distance_km"": 3.208331, ""period_label"": ""N""}]"
S0076,T4_001,4,2,88,60,625.43785,10:25:26,645.799821,10:45:48,645.799821,10:45:48,665.799821,11:05:48,20.361971,12.013563,0.0,0.0,0.0,0.0,8.831272,1.7536,"[{""start_min"": 625.43785, ""end_min"": 645.799821, ""speed_kmh"": 35.4, ""distance_km"": 12.013563, ""period_label"": ""N""}]"
S0076,T4_001,4,3,60,0,665.799821,11:05:48,715.077464,11:55:05,715.077464,11:55:05,715.077464,11:55:05,49.277643,18.374091,0.0,0.0,0.0,0.0,10.251454,2.035601,"[{""start_min"": 665.799821, ""end_min"": 690.0, ""speed_kmh"": 35.4, ""distance_km"": 14.278106, ""period_label"": ""N""}, {""start_min"": 690.0, ""end_min"": 715.077464, ""speed_kmh"": 9.8, ""distance_km"": 4.095986, ""period_label"": ""C""}]"
S0077,T4_002,4,1,0,60,600.0,10:00:00,631.142528,10:31:09,631.142528,10:31:09,651.142528,10:51:09,31.142528,18.374091,0.0,0.0,0.0,0.0,13.506951,2.682036,"[{""start_min"": 600.0, ""end_min"": 631.142528, ""speed_kmh"": 35.4, ""distance_km"": 18.374091, ""period_label"": ""N""}]"
S0077,T4_002,4,2,60,0,651.142528,10:51:09,682.285056,11:22:17,682.285056,11:22:17,682.285056,11:22:17,31.142528,18.374091,0.0,0.0,0.0,0.0,10.153915,2.016233,"[{""start_min"": 651.142528, ""end_min"": 682.285056, ""speed_kmh"": 35.4, ""distance_km"": 18.374091, ""period_label"": ""N""}]"
S0078,T1_011,1,1,0,60,600.0,10:00:00,631.142528,10:31:09,631.142528,10:31:09,651.142528,10:51:09,31.142528,18.374091,0.0,0.0,0.0,0.0,49.770375,10.827509,"[{""start_min"": 600.0, ""end_min"": 631.142528, ""speed_kmh"": 35.4, ""distance_km"": 18.374091, ""period_label"": ""N""}]"
S0078,T1_011,1,2,60,0,651.142528,10:51:09,682.285056,11:22:17,682.285056,11:22:17,682.285056,11:22:17,31.142528,18.374091,0.0,0.0,0.0,0.0,36.133687,7.860858,"[{""start_min"": 651.142528, ""end_min"": 682.285056, ""speed_kmh"": 35.4, ""distance_km"": 18.374091, ""period_label"": ""N""}]"
S0079,T1_017,1,1,0,60,660.0,11:00:00,694.127091,11:34:08,694.127091,11:34:08,714.127091,11:54:08,34.127091,18.374091,0.0,0.0,1577.170743,4.453736,50.812181,11.054153,"[{""start_min"": 660.0, ""end_min"": 690.0, ""speed_kmh"": 35.4, ""distance_km"": 17.7, ""period_label"": ""N""}, {""start_min"": 690.0, ""end_min"": 694.127091, ""speed_kmh"": 9.8, ""distance_km"": 0.674091, ""period_label"": ""C""}]"
S0079,T1_017,1,2,60,83,714.127091,11:54:08,781.69519,13:01:42,828.0,13:48:00,848.0,14:08:00,67.568099,12.321642,46.30481,0.0,650.329843,1.660576,32.857208,7.148062,"[{""start_min"": 714.127091, ""end_min"": 780.0, ""speed_kmh"": 9.8, ""distance_km"": 10.759242, ""period_label"": ""C""}, {""start_min"": 780.0, ""end_min"": 781.69519, ""speed_kmh"": 55.3, ""distance_km"": 1.5624, ""period_label"": ""S""}]"
S0079,T1_017,1,3,83,44,848.0,14:08:00,913.816753,15:13:49,1021.0,17:01:00,1041.0,17:21:00,65.816753,56.078551,107.183247,0.0,0.0,0.0,117.584512,25.580426,"[{""start_min"": 848.0, ""end_min"": 900.0, ""speed_kmh"": 55.3, ""distance_km"": 47.926667, ""period_label"": ""S""}, {""start_min"": 900.0, ""end_min"": 913.816753, ""speed_kmh"": 35.4, ""distance_km"": 8.151884, ""period_label"": ""N""}]"
S0079,T1_017,1,4,44,0,1041.0,17:21:00,1119.582882,18:39:35,1119.582882,18:39:35,1119.582882,18:39:35,78.582882,46.3639,0.0,0.0,0.0,0.0,91.177225,19.835539,"[{""start_min"": 1041.0, ""end_min"": 1119.582882, ""speed_kmh"": 35.4, ""distance_km"": 46.3639, ""period_label"": ""FALLBACK""}]"
S0080,T4_005,4,1,0,49,870.0,14:30:00,888.149681,14:48:09,888.149681,14:48:09,908.149681,15:08:09,18.149681,16.727956,0.0,46.149681,0.0,0.0,12.521644,2.486386,"[{""start_min"": 870.0, ""end_min"": 888.149681, ""speed_kmh"": 55.3, ""distance_km"": 16.727956, ""period_label"": ""S""}]"
S0080,T4_005,4,2,49,0,908.149681,15:08:09,936.50215,15:36:30,936.50215,15:36:30,936.50215,15:36:30,28.352468,16.727956,0.0,0.0,0.0,0.0,9.244226,1.835599,"[{""start_min"": 908.149681, ""end_min"": 936.50215, ""speed_kmh"": 35.4, ""distance_km"": 16.727956, ""period_label"": ""N""}]"
S0081,T1_007,1,1,0,49,824.0,13:44:00,842.149681,14:02:09,842.149681,14:02:09,862.149681,14:22:09,18.149681,16.727956,0.0,0.149681,1468.811778,3.758784,44.886364,9.764996,"[{""start_min"": 824.0, ""end_min"": 842.149681, ""speed_kmh"": 55.3, ""distance_km"": 16.727956, ""period_label"": ""S""}]"
S0081,T1_007,1,2,49,57,862.149681,14:22:09,874.333867,14:34:20,878.0,14:38:00,898.0,14:58:00,12.184186,11.229758,3.666133,0.0,0.0,0.0,25.826261,5.618484,"[{""start_min"": 862.149681, ""end_min"": 874.333867, ""speed_kmh"": 55.3, ""distance_km"": 11.229758, ""period_label"": ""S""}]"
S0081,T1_007,1,3,57,0,898.0,14:58:00,947.988912,15:47:59,947.988912,15:47:59,947.988912,15:47:59,49.988912,30.156791,0.0,0.0,0.0,0.0,59.225055,12.884368,"[{""start_min"": 898.0, ""end_min"": 900.0, ""speed_kmh"": 55.3, ""distance_km"": 1.843333, ""period_label"": ""S""}, {""start_min"": 900.0, ""end_min"": 947.988912, ""speed_kmh"": 35.4, ""distance_km"": 28.313458, ""period_label"": ""N""}]"
S0083,T1_003,1,1,0,57,848.0,14:08:00,880.719846,14:40:43,880.719846,14:40:43,900.719846,15:00:43,32.719846,30.156791,0.0,0.0,0.0,0.0,80.712905,17.559034,"[{""start_min"": 848.0, ""end_min"": 880.719846, ""speed_kmh"": 55.3, ""distance_km"": 30.156791, ""period_label"": ""S""}]"
S0083,T1_003,1,2,57,0,900.719846,15:00:43,951.833052,15:51:50,951.833052,15:51:50,951.833052,15:51:50,51.113206,30.156791,0.0,0.0,0.0,0.0,59.305032,12.901767,"[{""start_min"": 900.719846, ""end_min"": 951.833052, ""speed_kmh"": 35.4, ""distance_km"": 30.156791, ""period_label"": ""N""}]"
S0084,T1_018,1,1,0,30,662.0,11:02:00,689.978791,11:29:59,692.0,11:32:00,712.0,11:52:00,27.978791,16.507486,2.021209,0.0,1925.66418,6.600328,42.247292,9.190868,"[{""start_min"": 662.0, ""end_min"": 689.978791, ""speed_kmh"": 35.4, ""distance_km"": 16.507486, ""period_label"": ""N""}]"
S0084,T1_018,1,2,30,86,712.0,11:52:00,763.863031,12:43:52,763.863031,12:43:52,783.863031,13:03:52,51.863031,8.470962,0.0,68.863031,1392.76918,3.751748,23.889184,5.197075,"[{""start_min"": 712.0, ""end_min"": 763.863031, ""speed_kmh"": 9.8, ""distance_km"": 8.470962, ""period_label"": ""C""}]"
S0084,T1_018,1,3,86,53,783.863031,13:03:52,793.349424,13:13:21,1079.0,17:59:00,1099.0,18:19:00,9.486393,8.743292,285.650576,0.0,0.0,0.0,19.937386,4.337364,"[{""start_min"": 783.863031, ""end_min"": 793.349424, ""speed_kmh"": 55.3, ""distance_km"": 8.743292, ""period_label"": ""S""}]"
S0084,T1_018,1,4,53,0,1099.0,18:19:00,1134.107835,18:54:06,1134.107835,18:54:06,1134.107835,18:54:06,35.107835,20.713623,0.0,0.0,0.0,0.0,40.734507,8.861763,"[{""start_min"": 1099.0, ""end_min"": 1134.107835, ""speed_kmh"": 35.4, ""distance_km"": 20.713623, ""period_label"": ""FALLBACK""}]"
S0085,T1_017,1,1,0,53,1132.0,18:52:00,1167.107835,19:27:06,1167.107835,19:27:06,1187.107835,19:47:06,35.107835,20.713623,0.0,35.107835,0.0,0.0,55.863512,12.153067,"[{""start_min"": 1132.0, ""end_min"": 1167.107835, ""speed_kmh"": 35.4, ""distance_km"": 20.713623, ""period_label"": ""FALLBACK""}]"
S0085,T1_017,1,2,53,0,1187.107835,19:47:06,1222.21567,20:22:13,1222.21567,20:22:13,1222.21567,20:22:13,35.107835,20.713623,0.0,0.0,0.0,0.0,40.734507,8.861763,"[{""start_min"": 1187.107835, ""end_min"": 1222.21567, ""speed_kmh"": 35.4, ""distance_km"": 20.713623, ""period_label"": ""FALLBACK""}]"
S0086,T1_018,1,1,0,53,1140.0,19:00:00,1175.107835,19:35:06,1175.107835,19:35:06,1195.107835,19:55:06,35.107835,20.713623,0.0,43.107835,14.89,0.04317,55.944383,12.17066,"[{""start_min"": 1140.0, ""end_min"": 1175.107835, ""speed_kmh"": 35.4, ""distance_km"": 20.713623, ""period_label"": ""FALLBACK""}]"
S0086,T1_018,1,2,53,2,1195.107835,19:55:06,1225.33611,20:25:20,1225.33611,20:25:20,1245.33611,20:45:20,30.228275,17.834682,0.0,96.33611,-0.0,-0.0,35.14254,7.645234,"[{""start_min"": 1195.107835, ""end_min"": 1225.33611, ""speed_kmh"": 35.4, ""distance_km"": 17.834682, ""period_label"": ""FALLBACK""}]"
S0086,T1_018,1,3,2,0,1245.33611,20:45:20,1310.122466,21:50:07,1310.122466,21:50:07,1310.122466,21:50:07,64.786357,38.22395,0.0,0.0,-0.0,-0.0,75.169555,16.353082,"[{""start_min"": 1245.33611, ""end_min"": 1310.122466, ""speed_kmh"": 35.4, ""distance_km"": 38.22395, ""period_label"": ""FALLBACK""}]"
S0087,T1_019,1,1,0,7,780.0,13:00:00,847.489396,14:07:29,847.489396,14:07:29,867.489396,14:27:29,67.489396,62.202727,0.0,0.0,0.0,0.0,167.242334,36.383449,"[{""start_min"": 780.0, ""end_min"": 847.489396, ""speed_kmh"": 55.3, ""distance_km"": 62.202727, ""period_label"": ""S""}]"
S0087,T1_019,1,2,7,0,867.489396,14:27:29,954.642013,15:54:39,954.642013,15:54:39,954.642013,15:54:39,87.152616,62.202727,0.0,0.0,0.0,0.0,121.025118,26.328927,"[{""start_min"": 867.489396, ""end_min"": 900.0, ""speed_kmh"": 55.3, ""distance_km"": 29.96394, ""period_label"": ""S""}, {""start_min"": 900.0, ""end_min"": 954.642013, ""speed_kmh"": 35.4, ""distance_km"": 32.238787, ""period_label"": ""N""}]"
S0088,T1_019,1,1,0,7,960.0,16:00:00,1065.428351,17:45:26,1065.428351,17:45:26,1085.428351,18:05:26,105.428351,62.202727,0.0,217.428351,0.0,0.0,171.015371,37.20427,"[{""start_min"": 960.0, ""end_min"": 1020.0, ""speed_kmh"": 35.4, ""distance_km"": 35.4, ""period_label"": ""N""}, {""start_min"": 1020.0, ""end_min"": 1065.428351, ""speed_kmh"": 35.4, ""distance_km"": 26.802727, ""period_label"": ""FALLBACK""}]"
S0088,T1_019,1,2,7,0,1085.428351,18:05:26,1190.856702,19:50:51,1190.856702,19:50:51,1190.856702,19:50:51,105.428351,62.202727,0.0,0.0,0.0,0.0,122.325172,26.611753,"[{""start_min"": 1085.428351, ""end_min"": 1190.856702, ""speed_kmh"": 35.4, ""distance_km"": 62.202727, ""period_label"": ""FALLBACK""}]"
S0089,T1_019,1,1,0,7,1200.0,20:00:00,1305.428351,21:45:26,1305.428351,21:45:26,1325.428351,22:05:26,105.428351,62.202727,0.0,457.428351,1443.5621,3.545771,170.214802,37.030107,"[{""start_min"": 1200.0, ""end_min"": 1305.428351, ""speed_kmh"": 35.4, ""distance_km"": 62.202727, ""period_label"": ""FALLBACK""}]"
S0089,T1_019,1,2,7,4,1325.428351,22:05:26,1336.595969,22:16:36,1336.595969,22:16:36,1356.595969,22:36:36,11.167618,6.588895,0.0,99.595969,0.0,0.0,15.451414,3.361444,"[{""start_min"": 1325.428351, ""end_min"": 1336.595969, ""speed_kmh"": 35.4, ""distance_km"": 6.588895, ""period_label"": ""FALLBACK""}]"
S0089,T1_019,1,3,4,0,1356.595969,22:36:36,1415.967447,23:35:58,1415.967447,23:35:58,1415.967447,23:35:58,59.371478,35.029172,0.0,0.0,0.0,0.0,68.886843,14.986283,"[{""start_min"": 1356.595969, ""end_min"": 1415.967447, ""speed_kmh"": 35.4, ""distance_km"": 35.029172, ""period_label"": ""FALLBACK""}]"
S0090,T1_020,1,1,0,38,580.0,09:40:00,685.020469,11:25:01,685.020469,11:25:01,705.020469,11:45:01,105.020469,68.59541,0.0,0.0,1345.5679,3.97535,180.714451,39.314298,"[{""start_min"": 580.0, ""end_min"": 600.0, ""speed_kmh"": 55.3, ""distance_km"": 18.433333, ""period_label"": ""S""}, {""start_min"": 600.0, ""end_min"": 685.020469, ""speed_kmh"": 35.4, ""distance_km"": 50.162076, ""period_label"": ""N""}]"
S0090,T1_020,1,2,38,40,705.020469,11:45:01,740.655624,12:20:39,1072.0,17:52:00,1092.0,18:12:00,35.635155,5.820409,331.344376,0.0,0.0,-0.0,15.404082,3.351147,"[{""start_min"": 705.020469, ""end_min"": 740.655624, ""speed_kmh"": 9.8, ""distance_km"": 5.820409, ""period_label"": ""C""}]"
S0090,T1_020,1,3,40,0,1092.0,18:12:00,1184.27823,19:44:17,1184.27823,19:44:17,1184.27823,19:44:17,92.27823,54.444156,0.0,0.0,0.0,-0.0,107.067504,23.292458,"[{""start_min"": 1092.0, ""end_min"": 1184.27823, ""speed_kmh"": 35.4, ""distance_km"": 54.444156, ""period_label"": ""FALLBACK""}]"
S0091,T1_020,1,1,0,40,1200.0,20:00:00,1292.27823,21:32:17,1292.27823,21:32:17,1312.27823,21:52:17,92.27823,54.444156,0.0,148.27823,1323.70188,4.123104,145.173111,31.582305,"[{""start_min"": 1200.0, ""end_min"": 1292.27823, ""speed_kmh"": 35.4, ""distance_km"": 54.444156, ""period_label"": ""FALLBACK""}]"
S0091,T1_020,1,2,40,36,1312.27823,21:52:17,1333.879097,22:13:53,1333.879097,22:13:53,1353.879097,22:33:53,21.600867,12.744511,0.0,352.879097,0.0,0.0,29.486224,6.414707,"[{""start_min"": 1312.27823, ""end_min"": 1333.879097, ""speed_kmh"": 35.4, ""distance_km"": 12.744511, ""period_label"": ""FALLBACK""}]"
S0091,T1_020,1,3,36,0,1353.879097,22:33:53,1447.742344,00:07:45,1447.742344,00:07:45,1447.742344,00:07:45,93.863247,55.379316,0.0,0.0,0.0,0.0,108.906548,23.692541,"[{""start_min"": 1353.879097, ""end_min"": 1447.742344, ""speed_kmh"": 35.4, ""distance_km"": 55.379316, ""period_label"": ""FALLBACK""}]"
S0092,T1_021,1,1,0,36,891.0,14:51:00,979.803925,16:19:48,979.803925,16:19:48,999.803925,16:39:48,88.803925,55.379316,0.0,0.0,631.08365,1.477995,146.416935,31.852898,"[{""start_min"": 891.0, ""end_min"": 900.0, ""speed_kmh"": 55.3, ""distance_km"": 8.295, ""period_label"": ""S""}, {""start_min"": 900.0, ""end_min"": 979.803925, ""speed_kmh"": 35.4, ""distance_km"": 47.084316, ""period_label"": ""N""}]"
S0092,T1_021,1,2,36,24,999.803925,16:39:48,1010.735441,16:50:44,1011.0,16:51:00,1031.0,17:11:00,10.931516,6.449595,0.264559,0.0,0.0,-0.0,13.750738,2.991463,"[{""start_min"": 999.803925, ""end_min"": 1010.735441, ""speed_kmh"": 35.4, ""distance_km"": 6.449595, ""period_label"": ""N""}]"
S0092,T1_021,1,3,24,0,1031.0,17:11:00,1110.815729,18:30:49,1110.815729,18:30:49,1110.815729,18:30:49,79.815729,47.09128,0.0,0.0,0.0,-0.0,92.607659,20.146729,"[{""start_min"": 1031.0, ""end_min"": 1110.815729, ""speed_kmh"": 35.4, ""distance_km"": 47.09128, ""period_label"": ""FALLBACK""}]"
S0093,T1_021,1,1,0,24,1114.0,18:34:00,1193.815729,19:53:49,1193.815729,19:53:49,1213.815729,20:13:49,79.815729,47.09128,0.0,97.815729,1898.480587,5.806604,123.841928,26.941722,"[{""start_min"": 1114.0, ""end_min"": 1193.815729, ""speed_kmh"": 35.4, ""distance_km"": 47.09128, ""period_label"": ""FALLBACK""}]"
S0093,T1_021,1,2,24,80,1213.815729,20:13:49,1227.85813,20:27:51,1227.85813,20:27:51,1247.85813,20:47:51,14.042401,8.285016,0.0,113.85813,1392.140087,3.903724,20.417199,4.441747,"[{""start_min"": 1213.815729, ""end_min"": 1227.85813, ""speed_kmh"": 35.4, ""distance_km"": 8.285016, ""period_label"": ""FALLBACK""}]"
S0093,T1_021,1,3,80,51,1247.85813,20:47:51,1264.368952,21:04:22,1264.368952,21:04:22,1284.368952,21:24:22,16.510823,9.741385,0.0,145.368952,0.0,0.0,22.712878,4.94117,"[{""start_min"": 1247.85813, ""end_min"": 1264.368952, ""speed_kmh"": 35.4, ""distance_km"": 9.741385, ""period_label"": ""FALLBACK""}]"
S0093,T1_021,1,4,51,0,1284.368952,21:24:22,1351.942827,22:31:57,1351.942827,22:31:57,1351.942827,22:31:57,67.573874,39.868586,0.0,0.0,0.0,0.0,78.403823,17.056695,"[{""start_min"": 1284.368952, ""end_min"": 1351.942827, ""speed_kmh"": 35.4, ""distance_km"": 39.868586, ""period_label"": ""FALLBACK""}]"
S0094,T1_016,1,1,0,51,1230.0,20:30:00,1297.573874,21:37:34,1297.573874,21:37:34,1317.573874,21:57:34,67.573874,39.868586,0.0,178.573874,873.945,2.04764,109.369728,23.793305,"[{""start_min"": 1230.0, ""end_min"": 1297.573874, ""speed_kmh"": 35.4, ""distance_km"": 39.868586, ""period_label"": ""FALLBACK""}]"
S0094,T1_016,1,2,51,29,1317.573874,21:57:34,1355.351307,22:35:21,1355.351307,22:35:21,1375.351307,22:55:21,37.777433,22.288685,0.0,212.351307,-0.0,-0.0,48.93952,10.646757,"[{""start_min"": 1317.573874, ""end_min"": 1355.351307, ""speed_kmh"": 35.4, ""distance_km"": 22.288685, ""period_label"": ""FALLBACK""}]"
S0094,T1_016,1,3,29,0,1375.351307,22:55:21,1460.643769,00:20:39,1460.643769,00:20:39,1460.643769,00:20:39,85.292462,50.322552,0.0,0.0,-0.0,-0.0,98.962138,21.529142,"[{""start_min"": 1375.351307, ""end_min"": 1460.643769, ""speed_kmh"": 35.4, ""distance_km"": 50.322552, ""period_label"": ""FALLBACK""}]"
S0095,T1_022,1,1,0,69,866.0,14:26:00,946.484426,15:46:29,946.484426,15:46:29,966.484426,16:06:29,80.484426,58.762478,0.0,0.0,0.0,0.0,149.052254,32.42621,"[{""start_min"": 866.0, ""end_min"": 900.0, ""speed_kmh"": 55.3, ""distance_km"": 31.336667, ""period_label"": ""S""}, {""start_min"": 900.0, ""end_min"": 946.484426, ""speed_kmh"": 35.4, ""distance_km"": 27.425811, ""period_label"": ""N""}]"
S0095,T1_022,1,2,69,0,966.484426,16:06:29,1066.081847,17:46:05,1066.081847,17:46:05,1066.081847,17:46:05,99.59742,58.762478,0.0,0.0,0.0,0.0,115.559728,25.139935,"[{""start_min"": 966.484426, ""end_min"": 1020.0, ""speed_kmh"": 35.4, ""distance_km"": 31.574189, ""period_label"": ""N""}, {""start_min"": 1020.0, ""end_min"": 1066.081847, ""speed_kmh"": 35.4, ""distance_km"": 27.188289, ""period_label"": ""FALLBACK""}]"
S0096,T1_022,1,1,0,63,1080.0,18:00:00,1159.965881,19:19:58,1159.965881,19:19:58,1179.965881,19:39:58,79.965881,47.17987,0.0,125.965881,0.0,0.0,128.628627,27.983065,"[{""start_min"": 1080.0, ""end_min"": 1159.965881, ""speed_kmh"": 35.4, ""distance_km"": 47.17987, ""period_label"": ""FALLBACK""}]"
S0096,T1_022,1,2,63,0,1179.965881,19:39:58,1259.931762,20:59:56,1259.931762,20:59:56,1259.931762,20:59:56,79.965881,47.17987,0.0,0.0,0.0,0.0,92.781876,20.18463,"[{""start_min"": 1179.965881, ""end_min"": 1259.931762, ""speed_kmh"": 35.4, ""distance_km"": 47.17987, ""period_label"": ""FALLBACK""}]"
S0097,T1_023,1,1,0,63,882.0,14:42:00,951.847237,15:51:51,952.0,15:52:00,972.0,16:12:00,69.847237,47.17987,0.152763,0.0,0.0,0.0,127.630736,27.765974,"[{""start_min"": 882.0, ""end_min"": 900.0, ""speed_kmh"": 55.3, ""distance_km"": 16.59, ""period_label"": ""S""}, {""start_min"": 900.0, ""end_min"": 951.847237, ""speed_kmh"": 35.4, ""distance_km"": 30.58987, ""period_label"": ""N""}]"
S0097,T1_023,1,2,63,0,972.0,16:12:00,1051.965881,17:31:58,1051.965881,17:31:58,1051.965881,17:31:58,79.965881,47.17987,0.0,0.0,0.0,0.0,92.781876,20.18463,"[{""start_min"": 972.0, ""end_min"": 1020.0, ""speed_kmh"": 35.4, ""distance_km"": 28.32, ""period_label"": ""N""}, {""start_min"": 1020.0, ""end_min"": 1051.965881, ""speed_kmh"": 35.4, ""distance_km"": 18.85987, ""period_label"": ""FALLBACK""}]"
S0098,T1_023,1,1,0,63,1080.0,18:00:00,1159.965881,19:19:58,1159.965881,19:19:58,1179.965881,19:39:58,79.965881,47.17987,0.0,125.965881,0.0,0.0,128.628627,27.983065,"[{""start_min"": 1080.0, ""end_min"": 1159.965881, ""speed_kmh"": 35.4, ""distance_km"": 47.17987, ""period_label"": ""FALLBACK""}]"
S0098,T1_023,1,2,63,0,1179.965881,19:39:58,1259.931762,20:59:56,1259.931762,20:59:56,1259.931762,20:59:56,79.965881,47.17987,0.0,0.0,0.0,0.0,92.781876,20.18463,"[{""start_min"": 1179.965881, ""end_min"": 1259.931762, ""speed_kmh"": 35.4, ""distance_km"": 47.17987, ""period_label"": ""FALLBACK""}]"
S0099,T1_024,1,1,0,65,890.0,14:50:00,958.001021,15:58:00,958.001021,15:58:00,978.001021,16:18:00,68.001021,43.437269,0.0,0.0,0.0,0.0,109.782564,23.883117,"[{""start_min"": 890.0, ""end_min"": 900.0, ""speed_kmh"": 55.3, ""distance_km"": 9.216667, ""period_label"": ""S""}, {""start_min"": 900.0, ""end_min"": 958.001021, ""speed_kmh"": 35.4, ""distance_km"": 34.220602, ""period_label"": ""N""}]"
S0099,T1_024,1,2,65,0,978.001021,16:18:00,1051.62351,17:31:37,1051.62351,17:31:37,1051.62351,17:31:37,73.62249,43.437269,0.0,0.0,0.0,0.0,85.42184,18.58346,"[{""start_min"": 978.001021, ""end_min"": 1020.0, ""speed_kmh"": 35.4, ""distance_km"": 24.779398, ""period_label"": ""N""}, {""start_min"": 1020.0, ""end_min"": 1051.62351, ""speed_kmh"": 35.4, ""distance_km"": 18.657871, ""period_label"": ""FALLBACK""}]"
S0100,T1_024,1,1,0,65,1080.0,18:00:00,1153.62249,19:13:37,1153.62249,19:13:37,1173.62249,19:33:37,73.62249,43.437269,0.0,110.62249,0.0,0.0,118.591263,25.799443,"[{""start_min"": 1080.0, ""end_min"": 1153.62249, ""speed_kmh"": 35.4, ""distance_km"": 43.437269, ""period_label"": ""FALLBACK""}]"
S0100,T1_024,1,2,65,0,1173.62249,19:33:37,1247.244979,20:47:15,1247.244979,20:47:15,1247.244979,20:47:15,73.62249,43.437269,0.0,0.0,0.0,0.0,85.42184,18.58346,"[{""start_min"": 1173.62249, ""end_min"": 1247.244979, ""speed_kmh"": 35.4, ""distance_km"": 43.437269, ""period_label"": ""FALLBACK""}]"
S0101,T1_017,1,1,0,65,1230.0,20:30:00,1303.62249,21:43:37,1303.62249,21:43:37,1323.62249,22:03:37,73.62249,43.437269,0.0,260.62249,1482.99748,3.48658,118.897268,25.866015,"[{""start_min"": 1230.0, ""end_min"": 1303.62249, ""speed_kmh"": 35.4, ""distance_km"": 43.437269, ""period_label"": ""FALLBACK""}]"
S0101,T1_017,1,2,65,68,1323.62249,22:03:37,1341.530995,22:21:32,1341.530995,22:21:32,1361.530995,22:41:32,17.908505,10.566018,0.0,153.530995,-0.0,0.0,24.887299,5.414214,"[{""start_min"": 1323.62249, ""end_min"": 1341.530995, ""speed_kmh"": 35.4, ""distance_km"": 10.566018, ""period_label"": ""FALLBACK""}]"
S0101,T1_017,1,3,68,0,1361.530995,22:41:32,1447.782708,00:07:47,1447.782708,00:07:47,1447.782708,00:07:47,86.251713,50.88851,0.0,0.0,-0.0,0.0,100.075127,21.771271,"[{""start_min"": 1361.530995, ""end_min"": 1447.782708, ""speed_kmh"": 35.4, ""distance_km"": 50.88851, ""period_label"": ""FALLBACK""}]"
S0102,T1_011,1,1,0,68,1230.0,20:30:00,1316.251713,21:56:15,1316.251713,21:56:15,1336.251713,22:16:15,86.251713,50.88851,0.0,128.251713,0.0,0.0,139.651436,30.381069,"[{""start_min"": 1230.0, ""end_min"": 1316.251713, ""speed_kmh"": 35.4, ""distance_km"": 50.88851, ""period_label"": ""FALLBACK""}]"
S0102,T1_011,1,2,68,0,1336.251713,22:16:15,1422.503425,23:42:30,1422.503425,23:42:30,1422.503425,23:42:30,86.251713,50.88851,0.0,0.0,0.0,0.0,100.075127,21.771271,"[{""start_min"": 1336.251713, ""end_min"": 1422.503425, ""speed_kmh"": 35.4, ""distance_km"": 50.88851, ""period_label"": ""FALLBACK""}]"
S0103,T1_024,1,1,0,68,1260.0,21:00:00,1346.251713,22:26:15,1346.251713,22:26:15,1366.251713,22:46:15,86.251713,50.88851,0.0,158.251713,0.0,0.0,139.651436,30.381069,"[{""start_min"": 1260.0, ""end_min"": 1346.251713, ""speed_kmh"": 35.4, ""distance_km"": 50.88851, ""period_label"": ""FALLBACK""}]"
S0103,T1_024,1,2,68,0,1366.251713,22:46:15,1452.503425,00:12:30,1452.503425,00:12:30,1452.503425,00:12:30,86.251713,50.88851,0.0,0.0,0.0,0.0,100.075127,21.771271,"[{""start_min"": 1366.251713, ""end_min"": 1452.503425, ""speed_kmh"": 35.4, ""distance_km"": 50.88851, ""period_label"": ""FALLBACK""}]"
S0104,T1_021,1,1,0,41,660.0,11:00:00,805.617034,13:25:37,805.617034,13:25:37,825.617034,13:45:37,145.617034,56.010367,0.0,0.0,0.0,0.0,155.25799,33.776264,"[{""start_min"": 660.0, ""end_min"": 690.0, ""speed_kmh"": 35.4, ""distance_km"": 17.7, ""period_label"": ""N""}, {""start_min"": 690.0, ""end_min"": 780.0, ""speed_kmh"": 9.8, ""distance_km"": 14.7, ""period_label"": ""C""}, {""start_min"": 780.0, ""end_min"": 805.617034, ""speed_kmh"": 55.3, ""distance_km"": 23.610367, ""period_label"": ""S""}]"
S0104,T1_021,1,2,41,0,825.617034,13:45:37,886.387776,14:46:23,886.387776,14:46:23,886.387776,14:46:23,60.770741,56.010367,0.0,0.0,0.0,0.0,107.717409,23.433844,"[{""start_min"": 825.617034, ""end_min"": 886.387776, ""speed_kmh"": 55.3, ""distance_km"": 56.010367, ""period_label"": ""S""}]"
S0105,T1_014,1,1,0,72,1260.0,21:00:00,1330.397172,22:10:24,1330.397172,22:10:24,1350.397172,22:30:24,70.397172,41.534331,0.0,95.397172,0.0,0.0,111.360049,24.226298,"[{""start_min"": 1260.0, ""end_min"": 1330.397172, ""speed_kmh"": 35.4, ""distance_km"": 41.534331, ""period_label"": ""FALLBACK""}]"
S0105,T1_014,1,2,72,0,1350.397172,22:30:24,1420.794344,23:40:48,1420.794344,23:40:48,1420.794344,23:40:48,70.397172,41.534331,0.0,0.0,0.0,0.0,81.679606,17.769339,"[{""start_min"": 1350.397172, ""end_min"": 1420.794344, ""speed_kmh"": 35.4, ""distance_km"": 41.534331, ""period_label"": ""FALLBACK""}]"
